SN,Paper Title,DOI,Authors,Author Regions,Affiliations,Year,Domain,Focus Region,Source,ORC ID
520,Bias in Bios: A Case Study of Semantic Representation Bias in a High-Stakes Setting,https://doi.org/10.1145/3287560.3287572,Maria De-Arteaga; Alexey Romanov; Hanna Wallach; Jennifer Chayes; Christian Borgs; Alexandra Chouldechova; Sahin Geyik; Krishnaram Kenthapadi; Adam Tauman Kalai,USA; USA; United Kingdom; United Kingdom; United Kingdom; USA; USA; USA; United Kingdom,Carnegie Mellon University; University of Massachusetts Lowell; Microsoft Research; Microsoft Research; Microsoft Research; Carnegie Mellon University; LinkedIn; LinkedIn; Microsoft Research,2019,LLMs & NLP,,FAccT,
521,50 Years of Test (Un)fairness: Lessons for Machine Learning,https://doi.org/10.48550/arxiv.1811.10104,Ben Hutchinson; Margaret Mitchell,,,2019,General Fairness & Bias Mitigation,,FAccT,
522,Fairness and Abstraction in Sociotechnical Systems,https://doi.org/10.1145/3287560.3287598,Andrew D. Selbst; danah boyd; Sorelle A. Friedler; Suresh Venkatasubramanian; Janet Vertesi,USA; USA; USA; USA; USA,Data & Society Research Institute; Microsoft; Haverford College; University of Utah; Princeton University,2019,General Fairness & Bias Mitigation,,FAccT,
523,Problem Formulation and Fairness,https://doi.org/10.1145/3287560.3287567,Samir Passi; Solon Barocas,USA; USA,Cornell University; Cornell University,2019,General Fairness & Bias Mitigation,,FAccT,
524,Racial categories in machine learning,https://doi.org/10.1145/3287560.3287575,Sebastian Benthall; Bruce D. Haynes,USA; USA,New York University; University of California Davis,2019,General Fairness & Bias Mitigation,,FAccT,
525,Classification with Fairness Constraints: A Meta-Algorithm with Provable Guarantees,https://doi.org/10.48550/arxiv.1806.06055,L. Elisa Celis; Lingxiao Huang; Vijay Keswani; Nisheeth K. Vishnoi,USA; ; ; USA,Yale University; ; ; Yale University,2019,General Fairness & Bias Mitigation,,FAccT,
526,A comparative study of fairness-enhancing interventions in machine learning,https://doi.org/10.1145/3287560.3287589,Sorelle A. Friedler; Carlos Scheidegger; Suresh Venkatasubramanian; Sonam Choudhary; Evan P. Hamilton; Derek Roth,USA; USA; USA; USA; USA; USA,Haverford College; University of Arizona; University of Utah; University of Utah; Haverford College; Haverford College,2019,General Fairness & Bias Mitigation,,FAccT,
527,Fairness Under Unawareness: Assessing Disparity When Protected Class Is Unobserved,https://doi.org/10.48550/arxiv.1811.11154,Jiahao Chen; Nathan Kallus; Xiaojie Mao; Geoffry Svacha; Madeleine Udell,; USA; USA; ; USA,; Cornell University; Cornell University; ; Cornell University,2019,General Fairness & Bias Mitigation,,FAccT,
528,An Empirical Study of Rich Subgroup Fairness for Machine Learning,https://doi.org/10.1145/3287560.3287592,Michael Kearns; Seth Neel; Aaron Roth; Zhiwei Steven Wu,USA; USA; USA; USA,University of Pennsylvania; University of Pennsylvania; University of Pennsylvania; University of Minnesota,2019,General Fairness & Bias Mitigation,,FAccT,
529,Equality of Voice: Towards Fair Representation in Crowdsourced Top-K Recommendations,https://doi.org/10.48550/arxiv.1811.08690,Abhijnan Chakraborty; Gourab K Patro; Niloy Ganguly; Krishna P. Gummadi; Patrick Loiseau,,,2019,Recommender Systems,,FAccT,
530,Analyzing Biases in Perception of Truth in News Stories and Their Implications for Fact Checking,https://doi.org/10.1145/3287560.3287581,Mahmoudreza Babaei; Abhijnan Chakraborty; Juhi Kulshrestha; Elissa M. Redmiles; Meeyoung Cha; Krishna P. Gummadi,Germany; Germany; Germany; ; South Korea; Germany,Max Planck Institute for Software Systems; Max Planck Institute for Software Systems; GESIS - Leibniz Institute for the Social Sciences; ; Korea Advanced Institute of Science and Technology; Max Planck Institute for Software Systems,2019,General Fairness & Bias Mitigation,,FAccT,
531,Measuring the Biases that Matter: The Ethical and Causal Foundations for Measures of Fairness in Algorithms,https://doi.org/10.1145/3287560.3287573,Bruce Glymour; Jonathan Herington,USA; USA,Kansas State University; Kansas State University,2019,General Fairness & Bias Mitigation,,FAccT,
532,Dissecting Racial Bias in an Algorithm that Guides Health Decisions for 70 Million People,https://doi.org/10.1145/3287560.3287593,Ziad Obermeyer; Sendhil Mullainathan,USA; USA,Berkeley College; University of Chicago,2019,Health & Clinical AI,,FAccT,
533,Closing the AI Accountability Gap: Defining an End-to-End Framework for Internal Algorithmic Auditing,https://doi.org/10.48550/arxiv.2001.00973,Inioluwa Deborah Raji; Andrew Smart; Rebecca N. White; Margaret Mitchell; Timnit Gebru; Ben Hutchinson; Jamila Smith-Loud; Daniel Theron; Parker Barnes,USA; USA; USA; USA; USA; USA; USA; USA; USA,Partners In Health; Google; Google; Google; Google; Google; Google; Google; Google,2020,General Fairness & Bias Mitigation,,FAccT,
534,Assessing Algorithmic Fairness with Unobserved Protected Class Using Data Combination,https://doi.org/10.1287/mnsc.2020.3850,Nathan Kallus; Xiaojie Mao; Angela Zhou,USA; USA; USA,Cornell University; Cornell University; Cornell University,2020,General Fairness & Bias Mitigation,,FAccT,
535,FlipTest: Fairness Testing via Optimal Transport,https://doi.org/10.1145/3351095.3372845,Emily Black; Samuel Yeom; Matt Fredrikson,USA; USA; USA,Carnegie Mellon University; Carnegie Mellon University; Carnegie Mellon University,2020,General Fairness & Bias Mitigation,,FAccT,
536,Towards a Critical Race Methodology in Algorithmic Fairness,https://doi.org/10.1145/3351095.3372826,Alex Hanna; Emily Denton; Andrew Smart; Jamila Smith-Loud,USA; USA; USA; USA,Google; Google; Google; Google,2020,General Fairness & Bias Mitigation,,FAccT,
537,Mitigating Bias in Algorithmic Hiring: Evaluating Claims and Practices,https://doi.org/10.1145/3351095.3372828,Manish Raghavan; Solon Barocas; Jon Kleinberg; Karen Levy,USA; USA; USA; USA,Cornell University; Cornell University; Cornell University; Cornell University,2020,General Fairness & Bias Mitigation,,FAccT,
538,Reducing Sentiment Polarity for Demographic Attributes in Word Embeddings using Adversarial Learning,https://doi.org/10.1145/3351095.3372837,Chris Sweeney; Maryam Najafian,USA; USA,Massachusetts Institute of Technology; Massachusetts Institute of Technology,2020,LLMs & NLP,,FAccT,
539,Bias in Word Embeddings,https://doi.org/10.1145/3351095.3372843,Orestis Papakyriakopoulos; Simon Hegelich; Juan Carlos Medina Serrano; Fabienne Marco,Germany; Germany; Germany; Germany,Technical University of Munich; Technical University of Munich; Technical University of Munich; Technical University of Munich,2020,LLMs & NLP,,FAccT,
540,Towards Fairer Datasets: Filtering and Balancing the Distribution of the People Subtree in the ImageNet Hierarchy,https://doi.org/10.48550/arxiv.1912.07726,Kaiyu Yang; Klint Qinami; Li Fei-Fei; Jia Deng; Olga Russakovsky,USA; USA; USA; USA; USA,Princeton University; Princeton University; Stanford University; Princeton University; Princeton University,2020,General Fairness & Bias Mitigation,,FAccT,
541,Interventions for Ranking in the Presence of Implicit Bias,https://doi.org/10.1145/3351095.3372858,L. Elisa Celis; Anay Mehrotra; Nisheeth K. Vishnoi,USA; India; USA,Yale University; Indian Institute of Technology Kanpur; Yale University,2020,General Fairness & Bias Mitigation,,FAccT,
542,"Counterfactual Risk Assessments, Evaluation, and Fairness",https://doi.org/10.1145/3351095.3372851,Amanda Coston; Alan Mishler; Edward H. Kennedy; Alexandra Chouldechova,USA; USA; USA; USA,Carnegie Mellon University; Carnegie Mellon University; Carnegie Mellon University; Carnegie Mellon University,2020,General Fairness & Bias Mitigation,,FAccT,
543,Case Study: Predictive Fairness to Reduce Misdemeanor Recidivism Through Social Service Interventions,https://doi.org/10.1145/3351095.3372863,Kit T. Rodolfa; Erika Salomon; Lauren Haynes; Iván Higuera Mendieta; Jamie Larson; Rayid Ghani,USA; USA; USA; USA; USA; USA,Carnegie Mellon University; University of Chicago; University of Chicago; University of Chicago; Office of the Attorney General; Carnegie Mellon University,2020,General Fairness & Bias Mitigation,,FAccT,
544,The False Promise of Risk Assessments: Epistemic Reform and the Limits of Fairness,https://doi.org/10.1145/3351095.3372869,Ben Green,USA,Harvard University,2020,General Fairness & Bias Mitigation,,FAccT,
545,On the Apparent Conflict Between Individual and Group Fairness,https://doi.org/10.1145/3351095.3372864,Reuben Binns,United Kingdom,University of Oxford,2020,General Fairness & Bias Mitigation,,FAccT,
546,Fairness Is Not Static: Deeper Understanding of Long Term Fairness via Agents and Environments,https://doi.org/10.1145/3351095.3372878,Alexander D'Amour; Hansa Srinivasan; James Atwood; Pallavi Baljekar; D. Sculley; Yoni Halpern,USA; USA; USA; USA; USA; USA,Google; Google; Google; Google; Google; Google,2020,General Fairness & Bias Mitigation,,FAccT,
547,Data in New Delhi's Predictive Policing System,https://doi.org/10.1145/3351095.3372865,Vidushi Marda; Shivangi Narayan,; India,; Jawaharlal Nehru University,2020,General Fairness & Bias Mitigation,,FAccT,
548,Auditing Radicalization Pathways on YouTube,https://doi.org/10.1145/3351095.3372879,Manoel Horta Ribeiro; Raphael Ottoni; Robert West; Virgílio Almeida; Wagner Meira,Switzerland; Brazil; Switzerland; Brazil; Brazil,École Polytechnique Fédérale de Lausanne; Universidade Federal de Minas Gerais; École Polytechnique Fédérale de Lausanne; Universidade Federal de Minas Gerais; Universidade Federal de Minas Gerais,2020,General Fairness & Bias Mitigation,,FAccT,
549,Differential Tweetment,https://doi.org/10.1145/3442188.3445875,Ari Ball-Burack; Michelle Seng Ah Lee; Jennifer Cobbe; Jatinder Singh,United Kingdom; United Kingdom; United Kingdom; United Kingdom,University of Cambridge; University of Cambridge; University of Cambridge; University of Cambridge,2021,General Fairness & Bias Mitigation,,FAccT,
550,Biases in Generative Art: A Causal Look from the Lens of Art History,https://doi.org/10.48550/arxiv.2010.13266,Ramya Srinivasan; Kanji Uchino,USA; USA,Fujitsu Research of America; Fujitsu Research of America,2021,LLMs & NLP,,FAccT,
551,Image Representations Learned With Unsupervised Pre-Training Contain Human-like Biases,https://doi.org/10.1145/3442188.3445932,Ryan Steed; Aylin Caliskan,USA; USA,Carnegie Mellon University; George Washington University,2021,General Fairness & Bias Mitigation,,FAccT,
552,"One Label, One Billion Faces: Usage and Consistency of Racial Categories in Computer Vision",https://doi.org/10.48550/arxiv.2102.02320,Zaid Khan; Yun Fu,USA; USA,Northeastern University; Northeastern University,2021,General Fairness & Bias Mitigation,,FAccT,
553,BOLD: Dataset and Metrics for Measuring Biases in Open-Ended Language Generation,https://doi.org/10.1145/3442188.3445924,Jwala Dhamala; Tony Sun; Varun Kumar; Satyapriya Krishna; Yada Pruksachatkun; Kai-Wei Chang; Rahul Gupta,USA; USA; USA; USA; USA; USA; USA,Amazon; University of California Santa Barbara; Amazon; Amazon; Amazon; Amazon; Amazon,2021,LLMs & NLP,,FAccT,
554,Towards Cross-Lingual Generalization of Translation Gender Bias,https://doi.org/10.1145/3442188.3445907,Won Ik Cho; Jiwon Kim; Jaeyeong Yang; Nam Soo Kim,South Korea; South Korea; South Korea; South Korea,Seoul National University; Seoul National University; Seoul National University; Seoul National University,2021,LLMs & NLP,,FAccT,
555,Algorithmic Fairness in Predicting Opioid Use Disorder using Machine Learning,https://doi.org/10.1145/3442188.3445891,Angela E. Kilby,USA,Northeastern University,2021,Health & Clinical AI,,FAccT,
556,Fairness Violations and Mitigation under Covariate Shift,https://doi.org/10.1145/3442188.3445865,Harvineet Singh; Rina Singh; Vishwali Mhasawade; Rumi Chunara,USA; USA; USA; USA,New York University; New York University; New York University; New York University,2021,General Fairness & Bias Mitigation,,FAccT,
557,Towards Fair Deep Anomaly Detection,https://doi.org/10.1145/3442188.3445878,Hongjing Zhang; Ian Davidson,USA; USA,University of California Davis; University of California Davis,2021,General Fairness & Bias Mitigation,,FAccT,
558,Measurement and Fairness,https://doi.org/10.1145/3442188.3445901,Abigail Z. Jacobs; Hanna Wallach,USA; United Kingdom,University of Michigan; Microsoft Research,2021,General Fairness & Bias Mitigation,,FAccT,
559,Re-imagining Algorithmic Fairness in India and Beyond,https://doi.org/10.1145/3442188.3445896,Nithya Sambasivan; Erin Arnesen; Ben Hutchinson; Tulsee Doshi; Vinodkumar Prabhakaran,USA; USA; USA; USA; USA,Google; Google; Google; Google; Google,2021,General Fairness & Bias Mitigation,,FAccT,
560,"""This Whole Thing Smacks of Gender"": Algorithmic Exclusion in Bioimpedance-based Body Composition Analysis",https://doi.org/10.48550/arxiv.2101.08325,Kendra Albert; Maggie Delano,USA; USA,Harvard University; Swarthmore College,2021,Health & Clinical AI,,FAccT,
561,Censorship of Online Encyclopedias: Implications for NLP Models,https://doi.org/10.1145/3442188.3445916,Eddie Yang; Margaret E. Roberts,USA; USA,University of California San Diego; University of California San Diego,2021,LLMs & NLP,,FAccT,
562,When the Umpire is also a Player: Bias in Private Label Product Recommendations on E-commerce Marketplaces,https://doi.org/10.48550/arxiv.2102.00141,Abhisek Dash; Abhijnan Chakraborty; Saptarshi Ghosh; Animesh Mukherjee; Krishna P. Gummadi,India; India; India; India; Germany,Indian Institute of Technology Kharagpur; Indian Institute of Technology Delhi; Indian Institute of Technology Kharagpur; Indian Institute of Technology Kharagpur; Max Planck Institute for Software Systems,2021,Recommender Systems,,FAccT,
563,Fairness in Risk Assessment Instruments: Post-Processing to Achieve Counterfactual Equalized Odds,https://doi.org/10.1145/3442188.3445902,Alan Mishler; Edward H. Kennedy; Alexandra Chouldechova,USA; USA; USA,Carnegie Mellon University; Carnegie Mellon University; Carnegie Mellon University,2021,General Fairness & Bias Mitigation,,FAccT,
564,Removing Spurious Features can Hurt Accuracy and Affect Groups Disproportionately,https://doi.org/10.1145/3442188.3445883,Fereshte Khani; Percy Liang,USA; USA,Stanford University; Stanford University,2021,General Fairness & Bias Mitigation,,FAccT,
565,The Effect of Differential Victim Crime Reporting on Predictive Policing Systems,https://doi.org/10.1145/3442188.3445877,Nil-Jana Akpinar; Maria De-Arteaga; Alexandra Chouldechova,USA; USA; USA,Carnegie Mellon University; University of Texas at Austin; Carnegie Mellon University,2021,General Fairness & Bias Mitigation,,FAccT,
566,Detecting Discriminatory Risk through Data Annotation Based on Bayesian Inferences,https://doi.org/10.1145/3442188.3445940,Elena Beretta; Antonio Vetrò; Bruno Lepri; Juan Carlos De Martin,Italy; Italy; Italy; Italy,Politecnico di Torino; Politecnico di Torino; Fondazione Bruno Kessler; Politecnico di Torino,2021,General Fairness & Bias Mitigation,,FAccT,
567,Avoiding Disparity Amplification under Different Worldviews,https://doi.org/10.1145/3442188.3445892,Samuel Yeom; Michael Carl Tschantz,USA; USA,Carnegie Mellon University; International Computer Science Institute,2021,General Fairness & Bias Mitigation,,FAccT,
568,The Effect of the Rooney Rule on Implicit Bias in the Long Term,https://doi.org/10.1145/3442188.3445930,L. Elisa Celis; C. P. Hays; Anay Mehrotra; Nisheeth K. Vishnoi,USA; USA; USA; USA,Yale University; Yale University; Yale University; Yale University,2021,General Fairness & Bias Mitigation,,FAccT,
569,Can You Fake It Until You Make It? Impacts of Differentially Private GAN Outputs in Clinical Settings,https://doi.org/10.1145/3442188.3445879,Victoria Cheng; Vinith M. Suriyakumar; Natalie Dullerud; Shalmali Joshi; Marzyeh Ghassemi,Canada; Canada; Canada; Canada; Canada,Vector Institute; University of Toronto; University of Toronto; Vector Institute; University of Toronto,2021,Health & Clinical AI,,FAccT,
570,Leveraging Administrative Data for Bias Audits: A Case Study in Child Welfare Decision Making,https://doi.org/10.1145/3442188.3445881,Amanda Coston; Neel Guha; Derek Ouyang; Lisa Lu; Alexandra Chouldechova; Daniel E. Ho,USA; USA; USA; USA; USA; USA,Carnegie Mellon University; Stanford University; Stanford University; Stanford University; Carnegie Mellon University; Stanford University,2021,General Fairness & Bias Mitigation,,FAccT,
571,Fair Clustering via Equitable Group Representations,https://doi.org/10.1145/3442188.3445913,Mohsen Abbasi; Aditya Bhaskara; Suresh Venkatasubramanian,USA; USA; USA,University of Utah; University of Utah; University of Utah,2021,General Fairness & Bias Mitigation,,FAccT,
572,Narratives and Counternarratives on Data Sharing in Africa,https://doi.org/10.1145/3442188.3445897,Rediet Abebe; Kehinde Aruleba; Abeba Birhane; Sara Kingsley; George Obaido; Sekou L. Remy; Swathi Sadagopan,USA; South Africa; Ireland; USA; South Africa; South Africa; USA,University of California Berkeley; University of the Witwatersrand; University College Dublin; Carnegie Mellon University; University of the Witwatersrand; IBM Research Africa; Deloitte,2021,General Fairness & Bias Mitigation,,FAccT,
573,Group Fairness: Independence Revisited,https://doi.org/10.1145/3442188.3445876,Tim Räz,Switzerland,University of Bern,2021,General Fairness & Bias Mitigation,,FAccT,
574,Taxonomy of Risks posed by Language Models,https://doi.org/10.1145/3531146.3533088,Laura Weidinger; Jonathan Uesato; Maribeth Rauh; Conor Griffin; Po-Sen Huang; John Mellor; Amelia Glaese; Myra Cheng; Borja Balle; Atoosa Kasirzadeh; Courtney Biles; Sasha Brown; Zac Kenton; Will Hawkins; Tom Stepleton; Abeba Birhane; Lisa Anne Hendricks; Laura Rimell; William Isaac; Julia Haas; Sean Legassick; Geoffrey Irving; Iason Gabriel,United Kingdom; United Kingdom; United Kingdom; United Kingdom; United Kingdom; United Kingdom; United Kingdom; USA; United Kingdom; Canada; United Kingdom; United Kingdom; United Kingdom; United Kingdom; United Kingdom; Ireland; United Kingdom; United Kingdom; United Kingdom; United Kingdom; United Kingdom; United Kingdom; United Kingdom,Google DeepMind; Google DeepMind; Google DeepMind; Google DeepMind; Google DeepMind; Google DeepMind; Google DeepMind; California Institute of Technology; Google DeepMind; University of Toronto; Google DeepMind; Google DeepMind; Google DeepMind; Google DeepMind; Google DeepMind; University College Dublin; Google DeepMind; Google DeepMind; Google DeepMind; Google DeepMind; Google DeepMind; Google DeepMind; Google DeepMind,2022,LLMs & NLP,,FAccT,
575,Exploring How Machine Learning Practitioners (Try To) Use Fairness Toolkits,https://doi.org/10.1145/3531146.3533113,Wesley Hanwen Deng; Manish Nagireddy; Michelle Seng Ah Lee; Jatinder Singh; Zhiwei Steven Wu; Kenneth Holstein; Haiyi Zhu,USA; USA; United Kingdom; United Kingdom; USA; USA; USA,Carnegie Mellon University; Carnegie Mellon University; University of Cambridge; University of Cambridge; Carnegie Mellon University; Carnegie Mellon University; Carnegie Mellon University,2022,General Fairness & Bias Mitigation,,FAccT,
576,"Towards Intersectionality in Machine Learning: Including More Identities, Handling Underrepresentation, and Performing Evaluation",https://doi.org/10.1145/3531146.3533101,Angelina Wang; V. Ramaswamy; Olga Russakovsky,USA; USA; USA,Princeton University; Princeton University; Princeton University,2022,General Fairness & Bias Mitigation,,FAccT,
577,"Tackling Algorithmic Disability Discrimination in the Hiring Process: An Ethical, Legal and Technical Analysis",https://doi.org/10.1145/3531146.3533169,Maarten Buyl; Christina Cociancig; Cristina Frattone; Nele Roekens,Belgium; Germany; Italy; ,Ghent University Hospital; University of Bremen; Roma Tre University; ,2022,General Fairness & Bias Mitigation,,FAccT,
578,The Road to Explainability is Paved with Bias: Measuring the Fairness of Explanations,https://doi.org/10.1145/3531146.3533179,Aparna Balagopalan; Haoran Zhang; Kimia Hamidieh; Thomas Hartvigsen; Frank Rudzicz; Marzyeh Ghassemi,USA; USA; Canada; USA; Canada; Canada,Massachusetts Institute of Technology; Massachusetts Institute of Technology; University of Toronto; Massachusetts Institute of Technology; University of Toronto; Vector Institute,2022,General Fairness & Bias Mitigation,,FAccT,
579,"Are ""Intersectionally Fair"" AI Algorithms Really Fair to Women of Color? A Philosophical Analysis",https://doi.org/10.1145/3531146.3533114,Youjin Kong,USA,Oregon State University,2022,General Fairness & Bias Mitigation,,FAccT,
580,The Spotlight: A General Method for Discovering Systematic Errors in Deep Learning Models,https://doi.org/10.1145/3531146.3533240,Greg d'Eon; Jason d'Eon; James R. Wright; Kevin Leyton-Brown,Canada; Canada; Canada; Canada,University of British Columbia; Dalhousie University; University of Alberta; University of British Columbia,2022,General Fairness & Bias Mitigation,,FAccT,
581,Language Variation and Algorithmic Bias: Understanding Algorithmic Bias in British English Automatic Speech Recognition,https://doi.org/10.1145/3531146.3533117,Nina Markl,United Kingdom,University of Edinburgh,2022,LLMs & NLP,,FAccT,
582,Robots Enact Malignant Stereotypes,https://doi.org/10.1145/3531146.3533138,Andrew Hundt; William S. Agnew; Vicky Zeng; Severin Kacianka; Matthew Gombolay,USA; USA; USA; Germany; USA,Georgia Institute of Technology; University of Washington; Johns Hopkins University; Technical University of Munich; Georgia Institute of Technology,2022,General Fairness & Bias Mitigation,,FAccT,
583,Demographic-Reliant Algorithmic Fairness: Characterizing the Risks of Demographic Data Collection in the Pursuit of Fairness,https://doi.org/10.1145/3531146.3533226,McKane Andrus; Sarah Villeneuve,; ,; ,2022,General Fairness & Bias Mitigation,,FAccT,
584,"Fair Ranking: A Critical Review, Challenges, and Future Directions",https://doi.org/10.1145/3531146.3533238,Gourab K Patro; Lorenzo Porcaro; Laura E. Mitchell; Qiuyue Zhang; Meike Zehlike; Nikhil Garg,India; Spain; ; United Kingdom; Germany; USA,Indian Institute of Technology Indore; Universitat Pompeu Fabra; ; Accenture; Max Planck Institute for Software Systems; Cornell University,2022,General Fairness & Bias Mitigation,,FAccT,
585,"Theories of ""Gender"" in NLP Bias Research",https://doi.org/10.1145/3531146.3534627,Hannah Devinney; Jenny Björklund; Henrik Björklund,Sweden; Sweden; Sweden,Umeå University; Uppsala University; Umeå University,2022,LLMs & NLP,,FAccT,
586,Measuring Representational Harms in Image Captioning,https://doi.org/10.1145/3531146.3533099,Angelina Wang; Solon Barocas; Kristen Laird; Hanna Wallach,USA; USA; USA; USA,Princeton University; Microsoft; Microsoft; Microsoft,2022,LLMs & NLP,,FAccT,
587,"Net Benefit, Calibration, Threshold Selection, and Training Objectives for Algorithmic Fairness in Healthcare",https://doi.org/10.1145/3531146.3533166,Stephen Pfohl; Yizhe Xu; Agata Foryciarz; Nikolaos Ignatiadis; Julian Z. Genkins; Nigam H. Shah,USA; USA; USA; USA; USA; USA,Google; Stanford University; Stanford University; Stanford University; Stanford University; Stanford University,2022,Health & Clinical AI,,FAccT,
588,Bias in Automated Speaker Recognition,https://doi.org/10.1145/3531146.3533089,Wiebke Toussaint Hutiri; Aaron Yi Ding,Netherlands; Netherlands,Delft University of Technology; Delft University of Technology,2022,LLMs & NLP,,FAccT,
589,Gender and Racial Bias in Visual Question Answering Datasets,https://doi.org/10.1145/3531146.3533184,Yusuke Hirota; Yuta Nakashima; Noa García,Japan; Japan; Japan,Osaka University; Osaka University; Osaka University,2022,LLMs & NLP,,FAccT,
590,Exploring the Role of Grammar and Word Choice in Bias Toward African American English (AAE) in Hate Speech Classification,https://doi.org/10.1145/3531146.3533144,Camille Harris; Matan Halevy; Ayanna Howard; Amy Bruckman; Diyi Yang,USA; USA; USA; USA; USA,Georgia Institute of Technology; Georgia Institute of Technology; The Ohio State University; Georgia Institute of Technology; Georgia Institute of Technology,2022,LLMs & NLP,,FAccT,
591,"De-biasing ""Bias"" Measurement",https://doi.org/10.1145/3531146.3533105,Kristian Lum; Yunfeng Zhang; Amanda Bower,USA; USA; USA,Twitter; Twitter; Twitter,2022,General Fairness & Bias Mitigation,,FAccT,
592,Markedness in Visual Semantic AI,https://doi.org/10.1145/3531146.3533183,Robert E. Wolfe; Aylin Caliskan,USA; USA,University of Washington; University of Washington,2022,General Fairness & Bias Mitigation,,FAccT,
593,Multi-Disciplinary Fairness Considerations in Machine Learning for Clinical Trials,https://doi.org/10.1145/3531146.3533154,Isabel Chien; Nina Deliu; Richard E. Turner; Adrian Weller; Sofía S. Villar; Niki Kilbertus,United Kingdom; United Kingdom; United Kingdom; United Kingdom; United Kingdom; Germany,University of Cambridge; University of Cambridge; University of Cambridge; University of Cambridge; University of Cambridge; Helmholtz Zentrum München,2022,Health & Clinical AI,,FAccT,
594,What is Proxy Discrimination?,https://doi.org/10.1145/3531146.3533242,Michael Carl Tschantz,USA,International Computer Science Institute,2022,General Fairness & Bias Mitigation,,FAccT,
595,Achieving Fairness via Post-Processing in Web-Scale Recommender Systems,https://doi.org/10.1145/3531146.3533136,Preetam Nandy; Cyrus DiCiccio; Divya Venugopalan; Heloise Logan; Kinjal Basu; Noureddine El Karoui,USA; USA; USA; USA; USA; USA,LinkedIn; LinkedIn; LinkedIn; LinkedIn; LinkedIn; LinkedIn,2022,Recommender Systems,,FAccT,
596,Providing Item-Side Individual Fairness for Deep Recommender Systems,https://doi.org/10.1145/3531146.3533079,Xiuling Wang; Hui Wang,USA; USA,Stevens Institute of Technology; Stevens Institute of Technology,2022,Recommender Systems,,FAccT,
597,Algorithmic Fairness and Vertical Equity: Income Fairness with IRS Tax Audit Models,https://doi.org/10.1145/3531146.3533204,Emily Black; Hadi Elzayn; Alexandra Chouldechova; Jacob Goldin; Daniel E. Ho,USA; USA; USA; USA; USA,Carnegie Mellon University; Stanford University; Carnegie Mellon University; Stanford University; Stanford University,2022,General Fairness & Bias Mitigation,,FAccT,
598,"Female, White, 27? Bias Evaluation on Data and Algorithms for Affect Recognition in Faces",https://doi.org/10.1145/3531146.3533159,Jaspar Pahl; Ines Rieger; Anna Möller; Thomas Wittenberg; Ute Schmid,Germany; Germany; Germany; Germany; Germany,Fraunhofer Institute for Integrated Circuits; Fraunhofer Institute for Integrated Circuits; Friedrich-Alexander-Universität Erlangen-Nürnberg; Friedrich-Alexander-Universität Erlangen-Nürnberg; Fraunhofer Institute for Integrated Circuits,2022,General Fairness & Bias Mitigation,,FAccT,
599,Adaptive Sampling Strategies to Construct Equitable Training Datasets,https://doi.org/10.1145/3531146.3533203,William Cai; Ro Encarnación; Bobbie Chern; Sam Corbett-Davies; Miranda Bogen; Stevie Bergman; Sharad Goel,; ; ; ; ; ; USA,; ; ; ; ; ; Harvard University,2022,General Fairness & Bias Mitigation,,FAccT,
600,Fairness Indicators for Systematic Assessments of Visual Feature Extractors,https://doi.org/10.1145/3531146.3533074,Priya Goyal; Adriana Romero; Caner Hazırbas; Levent Sagun; Nicolas Usunier,; ; ; ; ,; ; ; ; ,2022,General Fairness & Bias Mitigation,,FAccT,
601,A Data-Driven Analysis of the Interplay between Criminological Theory and Predictive Policing Algorithms,https://doi.org/10.1145/3531146.3533071,Adriane Chapman; Philip J Grylls; Pamela Ugwudike; David Gammack; Jacqui Ayling,United Kingdom; United Kingdom; United Kingdom; United Kingdom; United Kingdom,University of Southampton; University of Southampton; University of Southampton; University of Southampton; University of Southampton,2022,General Fairness & Bias Mitigation,,FAccT,
602,Surfacing Racial Stereotypes through Identity Portrayal,https://doi.org/10.1145/3531146.3533217,Gauri Kambhatla; Ian Stewart; Rada Mihalcea,USA; USA; USA,University of Texas at Austin; University of Michigan; University of Michigan,2022,LLMs & NLP,,FAccT,
603,Evidence for Hypodescent in Visual Semantic AI,https://doi.org/10.1145/3531146.3533185,Robert E. Wolfe; Mahzarin R. Banaji; Aylin Caliskan,USA; USA; USA,University of Washington; Harvard University; University of Washington,2022,General Fairness & Bias Mitigation,,FAccT,
604,Is Calibration a Fairness Requirement?,https://doi.org/10.1145/3531146.3533245,Michele Loi; Christoph Heitz,Italy; Switzerland,Politecnico di Milano; ZHAW Zurich University of Applied Sciences,2022,General Fairness & Bias Mitigation,,FAccT,
605,Subverting Fair Image Search with Generative Adversarial Perturbations,https://doi.org/10.1145/3531146.3533128,Avijit Ghosh; Matthew Jagielski; Christo Wilson,USA; USA; USA,Northeastern University; Google; Northeastern University,2022,General Fairness & Bias Mitigation,,FAccT,
606,FADE: FAir Double Ensemble Learning for Observable and Counterfactual Outcomes,https://doi.org/10.1145/3531146.3533167,Alan Mishler; Edward H. Kennedy,USA; USA,JPMorgan Chase; Carnegie Mellon University,2022,Health & Clinical AI,,FAccT,
607,Selection in the Presence of Implicit Bias: The Advantage of Intersectional Constraints,https://doi.org/10.1145/3531146.3533124,Anay Mehrotra; Bary Pradelski; Nisheeth K. Vishnoi,USA; France; USA,Yale University; CNRS; Yale University,2022,General Fairness & Bias Mitigation,,FAccT,
608,ABCinML: Anticipatory Bias Correction in Machine Learning Applications,https://doi.org/10.1145/3531146.3533211,Abdulaziz A. Almuzaini; Chidansh Bhatt; David M. Pennock; Vivek Kumar Singh,USA; USA; USA; USA,Rutgers University; IBM; Rutgers University; Rutgers University,2022,General Fairness & Bias Mitigation,,FAccT,
609,Trade-offs between Group Fairness Metrics in Societal Resource Allocation,https://doi.org/10.1145/3531146.3533171,Tasfia Mashiat; Xavier Gitiaux; Huzefa Rangwala; Patrick J. Fowler; Sanmay Das,USA; USA; USA; USA; USA,George Mason University; George Mason University; George Mason University; Washington University in St. Louis; George Mason University,2022,General Fairness & Bias Mitigation,,FAccT,
610,Minimax Demographic Group Fairness in Federated Learning,https://doi.org/10.1145/3531146.3533081,Afroditi Papadaki; Natalia J. Martinez; Martín Bertrán; Guillermo Sapiro; Miguel Tréfaut Rodrigues,United Kingdom; USA; USA; USA; United Kingdom,University College London; Duke University; Duke University; Duke University; University College London,2022,General Fairness & Bias Mitigation,,FAccT,
611,Fair Representation Clustering with Several Protected Classes,https://doi.org/10.1145/3531146.3533146,Zhen Dai; Yury Makarychev; Ali Vakilian,USA; USA; USA,University of Chicago; Toyota Technological Institute at Chicago; Toyota Technological Institute at Chicago,2022,General Fairness & Bias Mitigation,,FAccT,
612,Improving Fairness in AI Models on Electronic Health Records: The Case for Federated Learning Methods,https://doi.org/10.1145/3593013.3594102,Raphael Poulain; Mirza Farhan Bin Tarek; Rahmatollah Beheshti,USA; USA; USA,University of Delaware; University of Delaware; University of Delaware,2023,Health & Clinical AI,,FAccT,0000-0001-9893-5469; 0009-0009-0403-6442; 0000-0001-8912-3063
613,Discrimination through Image Selection by Job Advertisers on Facebook,https://doi.org/10.1145/3593013.3594115,Varun Nagaraj Rao; Aleksandra Korolova,USA; USA,Princeton University; Princeton University,2023,General Fairness & Bias Mitigation,,FAccT,0000-0002-4692-2196; 0000-0001-8237-9058
614,Group-Fair Classification with Strategic Agents,https://doi.org/10.1145/3593013.3594006,Andrew Estornell; Sanmay Das; Yang Liu; Yevgeniy Vorobeychik,USA; USA; USA; USA,"Washington University in St. Louis; George Mason University; University of California, Santa Cruz; Washington University in St. Louis",2023,General Fairness & Bias Mitigation,,FAccT,0000-0001-7134-2081; 0000-0002-6814-871X; 0000-0001-8420-6011; 0000-0003-2471-5345
615,In the Name of Fairness: Assessing the Bias in Clinical Record De-Identification,https://doi.org/10.1145/3593013.3593982,Yuxin Xiao; Shulammite Lim; Tom Pollard; Marzyeh Ghassemi,USA; USA; USA; USA,Massachusetts Institute of Technology; Massachusetts Institute of Technology; Massachusetts Institute of Technology; Massachusetts Institute of Technology,2023,Health & Clinical AI,,FAccT,0000-0001-7251-6557; 0009-0008-7586-6841; 0000-0002-5676-7898; 0000-0001-6349-7251
616,"""I'm Fully Who I Am"": Towards Centering Transgender and Non-Binary Voices to Measure Biases in Open Language Generation",https://doi.org/10.1145/3593013.3594078,Anaelia Ovalle; Palash Goyal; Jwala Dhamala; Zachary Jaggers; Kai-Wei Chang; Aram Galstyan; Richard S. Zemel; Rahul Gupta,USA; USA; USA; USA; USA; USA; USA; USA,"University of California, Los Angeles; Amazon (United States); Amazon (United States); Amazon (United States); University of California, Los Angeles; Amazon (United States); Amazon (United States); Amazon (United States)",2023,LLMs & NLP,,FAccT,0000-0002-0531-7520; 0000-0003-2455-2160; 0000-0002-5396-9187; 0009-0003-1147-4332; 0000-0001-5365-0072; 0000-0003-4215-0886; 0000-0001-9353-7509; 0000-0002-9277-3718
617,Multi-Dimensional Discrimination in Law and Machine Learning: A Comparative Overview,https://doi.org/10.1145/3593013.3593979,Arjun Roy; Jan Horstmann; Eirini Ntoutsi,Germany; ; Germany,Universität der Bundeswehr München; ; Universität der Bundeswehr München,2023,General Fairness & Bias Mitigation,,FAccT,0000-0002-4279-9442; 0009-0002-1038-694X; 0000-0001-5729-1003
618,Easily Accessible Text-to-Image Generation Amplifies Demographic Stereotypes at Large Scale,https://doi.org/10.1145/3593013.3594095,Federico Bianchi; Pratyusha Kalluri; Esin Durmus; Faisal Ladhak; Myra Cheng; Debora Nozza; Tatsunori Hashimoto; Dan Jurafsky; James Zou; Aylin Caliskan,USA; USA; USA; USA; USA; Italy; USA; USA; USA; USA,Stanford University; Stanford University; Stanford University; Columbia University; Stanford University; Bocconi University; Stanford University; Stanford University; Stanford University; University of Washington,2023,LLMs & NLP,,FAccT,0000-0003-0776-361X; 0000-0001-7202-8027; 0009-0009-7331-8160; 0009-0009-5730-3866; ; 0000-0002-7998-2267; 0000-0003-0521-5855; 0000-0002-6459-7745; 0000-0001-8880-4764; 0000-0001-7154-8629
619,Does AI-Assisted Fact-Checking Disproportionately Benefit Majority Groups Online?,https://doi.org/10.1145/3593013.3594013,Terrence S. Neumann; Nicholas Wolczynski,USA; USA,The University of Texas at Austin; The University of Texas at Austin,2023,General Fairness & Bias Mitigation,,FAccT,0000-0001-5662-6705; 0000-0003-4502-3452
620,Diverse Perspectives Can Mitigate Political Bias in Crowdsourced Content Moderation,https://doi.org/10.1145/3593013.3594080,Jacob Thebault-Spieker; Sukrit Venkatagiri; Naomi Mine; Kurt Luther,USA; USA; USA; USA,University of Wisconsin–Madison; University of Washington; University of Wisconsin–Madison; Virginia Tech,2023,General Fairness & Bias Mitigation,,FAccT,0000-0003-1569-4466; 0000-0002-3888-7693; 0009-0003-7787-5251; 0000-0003-1809-6269
621,Preventing Discriminatory Decision-Making in Evolving Data Streams,https://doi.org/10.1145/3593013.3593984,Zichong Wang; Nripsuta Ani Saxena; Tongjia Yu; Sneha Karki; Tyler Zetty; Israat Haque; Shan Zhou; Dukka B. KC; Ian Stockwell; Xuyu Wang; Albert Bifet; Wenbin Zhang,USA; USA; USA; USA; USA; Canada; USA; USA; USA; USA; New Zealand; USA,Michigan Technological University; University of Southern California; Columbia University; Michigan Technological University; Michigan Technological University; Dalhousie University; Michigan Technological University; Michigan Technological University; University System of Maryland; Florida International University; University of Waikato; Michigan Technological University,2023,General Fairness & Bias Mitigation,,FAccT,0000-0001-6091-6609; 0009-0004-1121-5426; 0009-0003-4667-8132; 0009-0002-8645-7265; 0009-0000-1101-991X; 0000-0003-4450-3358; 0000-0002-1591-5065; 0000-0001-7443-1928; 0000-0002-3995-339X; 0000-0002-4759-8674; 0000-0002-8339-7773; 0000-0003-3024-5415
622,Fairer Together: Mitigating Disparate Exposure in Kemeny Rank Aggregation,https://doi.org/10.1145/3593013.3594085,Kathleen Cachel; Elke A. Rundensteiner,USA; USA,Worcester Polytechnic Institute; Worcester Polytechnic Institute,2023,General Fairness & Bias Mitigation,,FAccT,0000-0002-1260-0914; 0000-0001-5375-9254
623,Detecting Disparities in Police Deployments Using Dashcam Data,https://doi.org/10.1145/3593013.3594020,Matt Franchi; J.D. Zamfirescu-Pereira; Wendy Ju; Emma Pierson,USA; USA; USA; USA,"Cornell University; University of California, Berkeley; Cornell University; Cornell University",2023,General Fairness & Bias Mitigation,,FAccT,; 0000-0002-5310-6728; 0000-0002-3119-611X; 0000-0002-6149-5567
624,"Cross-Institutional Transfer Learning for Educational Models: Implications for Model Performance, Fairness, and Equity",https://doi.org/10.1145/3593013.3594107,Joshua Gardner; Renzhe Yu; Quan Nguyen; Christopher Brooks; René F. Kizilcec,USA; USA; Canada; USA; USA,University of Washington; Columbia University; University of British Columbia; University of Michigan; Cornell University,2023,General Fairness & Bias Mitigation,,FAccT,0000-0002-4998-5918; 0000-0002-2375-3537; 0000-0001-8937-5121; 0000-0003-0875-0204; 0000-0001-6283-5546
625,Bias Against 93 Stigmatized Groups in Masked Language Models and Downstream Sentiment Classification Tasks,https://doi.org/10.1145/3593013.3594109,K. Mei; Sonia Fereidooni; Aylin Caliskan,USA; USA; USA,University of Washington; University of Washington; University of Washington,2023,LLMs & NLP,,FAccT,0009-0004-9685-3936; 0009-0008-4522-8953; 0000-0001-7154-8629
626,Contrastive Language-Vision AI Models Pretrained on Web-Scraped Multimodal Data Exhibit Sexual Objectification Bias,https://doi.org/10.1145/3593013.3594072,Robert Wolfe; Yiwei Yang; Bill Howe; Aylin Caliskan,USA; USA; USA; USA,University of Washington; University of Washington; University of Washington; University of Washington,2023,LLMs & NLP,,FAccT,0000-0001-7133-695X; 0009-0008-0136-6465; 0000-0001-8588-8472; 0000-0001-7154-8629
627,"""I Wouldn't Say Offensive but..."": Disability-Centered Perspectives on Large Language Models",https://doi.org/10.1145/3593013.3593989,Vinitha Gadiraju; Shaun K. Kane; Sunipa Dev; Alex Taylor; Ding Wang; Emily Denton; Robin Brewer,USA; USA; USA; United Kingdom; USA; USA; USA,"University of Colorado Boulder; Google (United States); Google (United States); City, University of London; Google (United States); Google (United States); University of Michigan",2023,LLMs & NLP,,FAccT,0009-0008-9315-280X; 0000-0002-0276-9417; 0000-0002-6647-9662; 0000-0001-6311-3967; 0000-0002-5037-5017; 0000-0003-4915-0512; 0000-0003-3790-5834
628,Disparities in Text-to-Image Model Concept Possession Across Languages,,,,,2023,LLMs & NLP,,FAccT,
629,The Privacy-Bias Tradeoff: Data Minimization and Racial Disparity Assessments in U.S. Government,https://doi.org/10.1145/3593013.3594015,Jennifer King; Daniel E. Ho; Arushi Gupta; Victor Wu; Helen Webley-Brown,USA; USA; USA; USA; USA,Stanford University; Stanford University; Stanford University; Stanford University; Massachusetts Institute of Technology,2023,General Fairness & Bias Mitigation,,FAccT,0000-0002-3350-629X; 0000-0002-2195-5469; ; 0000-0003-4548-9826; 0009-0003-3614-9851
630,On The Impact of Machine Learning Randomness on Group Fairness,https://doi.org/10.1145/3593013.3594116,Prakhar Ganesh; Hongyan Chang; Martin Strobel; Reza Shokri,Singapore; Singapore; Singapore; Singapore,National University of Singapore; National University of Singapore; National University of Singapore; National University of Singapore,2023,General Fairness & Bias Mitigation,,FAccT,0000-0001-8695-4128; 0000-0002-0569-0173; 0000-0003-4692-1035; 0000-0001-9816-0173
631,The Dataset Multiplicity Problem: How Unreliable Data Impacts Predictions,https://doi.org/10.1145/3593013.3593988,Anna P. Meyer; Aws Albarghouthi; Loris D’Antoni,USA; USA; USA,University of Wisconsin–Madison; University of Wisconsin–Madison; University of Wisconsin–Madison,2023,General Fairness & Bias Mitigation,,FAccT,0009-0008-9763-5585; 0000-0003-4577-175X; 0000-0001-9625-4037
632,Runtime Monitoring of Dynamic Fairness Properties,https://doi.org/10.1145/3593013.3594028,Thomas A. Henzinger; Mahyar Karimi; Konstantin Kueffner; Kaushik Mallik,Austria; Austria; Austria; Austria,Institute of Science and Technology Austria; Institute of Science and Technology Austria; Institute of Science and Technology Austria; Institute of Science and Technology Austria,2023,General Fairness & Bias Mitigation,,FAccT,0000-0002-2985-7724; 0009-0005-0820-1696; 0000-0001-8974-2542; 0000-0001-9864-7475
633,Representation Online Matters: Practical End-to-End Diversification in Search and Recommender Systems,https://doi.org/10.1145/3593013.3594112,Pedro Silva; Bhawna Juneja; Sudarshan Desai; Ashudeep Singh; Nadia Fawaz,; ; ; ; ,; ; ; ; ,2023,Recommender Systems,,FAccT,0000-0002-9569-293X; 0009-0001-4688-1435; 0009-0006-2948-6309; 0009-0004-7027-1305; 0009-0002-3846-5156
634,The Progression of Disparities within the Criminal Justice System: Differential Enforcement and Risk Assessment Instruments,https://doi.org/10.1145/3593013.3594099,Miri Zilka; Riccardo Fogliato; Jiri Hron; Bradley Butcher; Carolyn Ashurst; Adrian Weller,United Kingdom; USA; United Kingdom; United Kingdom; United Kingdom; United Kingdom,University of Cambridge; Carnegie Mellon University; University of Cambridge; University of Sussex; The Alan Turing Institute; University of Cambridge,2023,General Fairness & Bias Mitigation,,FAccT,0000-0001-9640-8139; 0000-0002-8636-9639; 0009-0001-3456-7588; 0000-0002-4711-7826; 0009-0007-4214-4554; 0000-0003-1915-7158
635,Algorithmic Reproductive Justice,https://doi.org/10.1145/3630106.3658903,Jasmine Fledderjohann; Bran Knowles; Esmorie Miller,United Kingdom; United Kingdom; United Kingdom,Lancaster University; Lancaster University; Lancaster University,2024,General Fairness & Bias Mitigation,,FAccT,0000-0003-4952-7658; 0000-0002-2554-1896; 0000-0003-2321-1049
636,"Failing Our Youngest: On the Biases, Pitfalls, and Risks in a Decision Support Algorithm Used for Child Protection",https://doi.org/10.1145/3630106.3658906,Therese Moreau; Roberta Sinatra; Vedran Sekara,Denmark; Italy; Denmark,IT University of Copenhagen; Institute for Scientific Interchange; IT University of Copenhagen,2024,General Fairness & Bias Mitigation,,FAccT,0009-0003-6724-7761; 0000-0002-7558-1028; 0000-0003-4490-3757
637,Misgendered During Moderation: How Transgender Bodies Make Visible Cisnormative Content Moderation Policies and Enforcement,https://doi.org/10.1145/3630106.3658907,Samuel Mayworm; Kendra Albert; Oliver L. Haimson,USA; USA; USA,University of Michigan; Harvard University Press; University of Michigan,2024,General Fairness & Bias Mitigation,,FAccT,0009-0008-8394-7991; 0000-0001-9818-4087; 0000-0001-6552-4540
638,A Structured Regression Approach for Evaluating Model Performance Across Intersectional Subgroups,https://doi.org/10.1145/3630106.3658908,Christine Herlihy; Kimberly A. Truong; Alexandra Chouldechova; Miroslav Dudı́k,; USA; USA; USA,; Oregon State University; Microsoft (United States); Microsoft (United States),2024,General Fairness & Bias Mitigation,,FAccT,0000-0001-7405-603X; 0000-0002-3119-8270; 0000-0002-2337-9610; 0009-0001-8565-0621
639,Not My Voice! A Taxonomy of Ethical and Safety Harms of Speech Generators,https://doi.org/10.1145/3630106.3658911,Wiebke Hutiri; Orestis Papakyriakopoulos; Alice Xiang,; Germany; USA,; Technical University of Munich; Sony Corporation (United States),2024,LLMs & NLP,,FAccT,0000-0002-9657-9509; 0000-0003-4680-0022; 0000-0001-7907-9353
640,Operationalizing the Search for Less Discriminatory Alternatives in Fair Lending,https://doi.org/10.1145/3630106.3658912,Talia B. Gillis; Vitaly Meursault; Berk Ustun,USA; USA; ,Columbia University; Federal Reserve Bank of Philadelphia; ,2024,General Fairness & Bias Mitigation,,FAccT,0000-0001-8084-5158; 0000-0001-8673-6294; 0000-0001-5188-3155
641,Adversarial Nibbler: An Open Red-Teaming Method for Identifying Diverse Harms in Text-to-Image Generation,https://doi.org/10.1145/3630106.3658913,Jessica Quaye; Alicia Parrish; Oana Inel; Charvi Rastogi; Hannah Rose Kirk; Minsuk Kahng; Erin van Liemt; Max Bartolo; Jess Tsang; Justin P. White; Nathan Clement; Rafael Mosquera; Juan Ciro; Vijay Janapa Reddi; Lora Aroyo,USA; USA; Switzerland; USA; United Kingdom; USA; USA; United Kingdom; USA; USA; United Kingdom; ; ; USA; USA,Harvard University Press; Google (United States); University of Zurich; Google (United States); University of Oxford; Google (United States); Google (United States); University College London; Google (United States); Google (United States); Google (United Kingdom); ; ; Harvard University Press; Google (United States),2024,LLMs & NLP,,FAccT,0009-0004-3838-7498; 0000-0002-1054-0516; 0000-0003-4691-6586; 0000-0003-0820-4115; 0000-0002-7419-5993; 0000-0002-0291-6026; 0009-0002-2016-200X; 0009-0007-3301-7895; 0009-0004-9094-7181; ; 0000-0002-7533-625X; 0009-0009-0812-6330; 0009-0000-4179-3076; 0000-0002-5259-7721; 0000-0001-9402-1133
642,Benchmarking the Fairness of Image Upsampling Methods,https://doi.org/10.1145/3630106.3658921,Mike Laszkiewicz; Imant Daunhawer; Julia E. Vogt; Asja Fischer; Johannes Lederer,Germany; Switzerland; Switzerland; Germany; Germany,Ruhr University Bochum; ETH Zurich; ETH Zurich; Ruhr University Bochum; Universität Hamburg,2024,General Fairness & Bias Mitigation,,FAccT,0009-0002-6741-2432; 0000-0002-5775-2137; 0000-0002-6004-7770; 0000-0002-1916-7033; 0000-0002-5369-3053
643,Analyzing the Relationship Between Difference and Ratio-Based Fairness Metrics,https://doi.org/10.1145/3630106.3658922,Min-Hsuan Yeh; Blossom Metevier; Austin Hoag; Philip S. Thomas,; USA; ; USA,; University of Massachusetts Boston; ; University of Massachusetts Boston,2024,General Fairness & Bias Mitigation,,FAccT,0009-0001-4945-712X; 0009-0002-2793-3831; 0000-0001-8989-2567; 0000-0002-9904-1800
644,Tackling Language Modelling Bias in Support of Linguistic Diversity,https://doi.org/10.1145/3630106.3658925,Gábor Bella; Paula Helm; Gertraud Koch; Fausto Giunchiglia,France; Netherlands; Germany; Italy,Centre National de la Recherche Scientifique; University of Amsterdam; Universität Hamburg; University of Trento,2024,LLMs & NLP,,FAccT,0000-0002-3868-1740; 0000-0002-2719-9721; 0000-0002-2457-3335; 0000-0002-5903-6150
645,Diversity of What? On the Different Conceptualizations of Diversity in Recommender Systems,https://doi.org/10.1145/3630106.3658926,Sanne Vrijenhoek; Savvina Daniil; Jorden Sandel; Laura Hollink,Netherlands; Netherlands; Netherlands; Netherlands,University of Amsterdam; Centrum Wiskunde & Informatica; University of Amsterdam; Centrum Wiskunde & Informatica,2024,Recommender Systems,,FAccT,0000-0002-1031-4746; 0000-0001-8888-2869; 0009-0008-3571-5125; 0000-0002-6865-0021
646,Towards Geographic Inclusion in the Evaluation of Text-to-Image Models,https://doi.org/10.1145/3630106.3658927,Melissa Hall; Samuel J. Bell; Candace Ross; Adina Williams; Michal Drozdzal; Adriana Romero,; ; ; ; ; Canada,; ; ; ; ; McGill University,2024,LLMs & NLP,,FAccT,0009-0009-0509-1654; 0000-0002-9437-5449; ; 0000-0001-5281-3343; 0000-0002-0661-6338; 0000-0003-3604-6281
647,Algorithmic Fairness in Performative Policy Learning: Escaping the Impossibility of Group Fairness,https://doi.org/10.1145/3630106.3658929,Seamus Somerstep; Ya’acov Ritov; Yuekai Sun,USA; USA; USA,University of Michigan; University of Michigan; University of Michigan,2024,General Fairness & Bias Mitigation,,FAccT,0009-0003-9290-0849; 0000-0002-6046-8479; 0009-0004-5657-2283
648,Lazy Data Practices Harm Fairness Research,https://doi.org/10.1145/3630106.3658931,Jan Simson; Alessandro Fabris; Christoph Kern,; Germany; ,Munich Center for Machine Learning; Max Planck Institute for Security and Privacy; Munich Center for Machine Learning,2024,General Fairness & Bias Mitigation,,FAccT,; 0000-0001-6108-9940; 0000-0001-7363-4299
649,Auditing GPT's Content Moderation Guardrails: Can ChatGPT Write Your Favorite TV Show?,https://doi.org/10.1145/3630106.3658932,Yaaseen Mahomed; Charlie M. Crawford; Sanjana Gautam; Sorelle A. Friedler; Danaë Metaxa,USA; USA; USA; USA; USA,California University of Pennsylvania; Haverford College; Pennsylvania State University; Haverford College; California University of Pennsylvania,2024,LLMs & NLP,,FAccT,; 0009-0007-3955-0316; 0000-0002-2933-304X; 0000-0001-6023-1597; 0000-0001-9359-6090
650,Identifying and Improving Disability Bias in GPT-Based Resume Screening,https://doi.org/10.1145/3630106.3658933,Kate Glazko; Yusuf Mohammed; Ben Kosa; Venkatesh Potluri; Jennifer Mankoff,USA; USA; USA; USA; USA,University of Washington; University of Washington; University of Washington; University of Washington; University of Washington,2024,LLMs & NLP,,FAccT,; ; 0009-0006-5836-4925; 0000-0002-5027-8831; 0000-0001-9235-5324
651,Gender Bias Detection in Court Decisions: A Brazilian Case Study,https://doi.org/10.1145/3630106.3658937,Raysa M. Benatti; Fabiana Cristina Severi; Sandra Avila; Esther Luna Colombini,Brazil; Brazil; Brazil; Brazil,Universidade Estadual de Campinas (UNICAMP); Universidade de São Paulo; Universidade Estadual de Campinas (UNICAMP); Universidade Estadual de Campinas (UNICAMP),2024,General Fairness & Bias Mitigation,,FAccT,0000-0002-1227-1647; 0000-0002-8399-7808; 0000-0001-9068-938X; 0000-0003-0467-3133
652,The Four-fifths Rule is not Disparate Impact: A Woeful Tale of Epistemic Trespassing in Algorithmic Fairness,https://doi.org/10.1145/3630106.3658938,Elizabeth Anne Watkins; Jiahao Chen,USA; ,Intel (United States); ,2024,General Fairness & Bias Mitigation,,FAccT,0000-0002-1434-589X; 0000-0002-4357-6574
653,Generalized People Diversity: Learning a Human Perception-Aligned Diversity Representation for People Images,https://doi.org/10.1145/3630106.3658940,Hansa Srinivasan; Candice Schumann; Aradhana Sinha; David Madras; Gbolahan O. Olanubi; Alex Beutel; Susanna Ricco; Jilin Chen,USA; USA; USA; USA; USA; USA; USA; USA,Google (United States); Google (United States); Google (United States); Google (United States); Google (United States); OpenAI (United States); Google (United States); Google (United States),2024,General Fairness & Bias Mitigation,,FAccT,0009-0004-9252-7754; 0000-0002-2313-1279; 0009-0006-0092-8214; 0000-0001-6817-8743; ; 0000-0002-5917-2849; 0009-0005-1505-7055; 0000-0002-3359-0938
654,Beyond Behaviorist Representational Harms: A Plan for Measurement and Mitigation,https://doi.org/10.1145/3630106.3658946,Jennifer Chien; David Danks,USA; USA,University of California San Diego; University of California San Diego,2024,General Fairness & Bias Mitigation,,FAccT,0009-0009-8768-1761; 0000-0003-4541-5966
655,Gender Representation Across Online Retail Products,https://doi.org/10.1145/3630106.3658947,Dana Pessach; Bárbara Poblete,; USA,; Amazon (United States),2024,General Fairness & Bias Mitigation,,FAccT,0000-0002-1806-0066; 0000-0002-7669-645X
656,Mitigating Group Bias in Federated Learning for Heterogeneous Devices,https://doi.org/10.1145/3630106.3658954,Khotso Selialia; Yasra Chandio; Fatima M. Anwar,USA; USA; USA,University of Massachusetts Amherst; University of Massachusetts Amherst; University of Massachusetts Amherst,2024,General Fairness & Bias Mitigation,,FAccT,0000-0002-0710-6794; 0000-0002-3436-6452; 0000-0001-7119-7232
657,Impact Charts: A Tool for Identifying Systematic Bias in Social Systems and Data,https://doi.org/10.1145/3630106.3658965,Darren Erik Vengroff,USA,Film Independent,2024,General Fairness & Bias Mitigation,,FAccT,0009-0006-9542-2565
658,WorldBench: Quantifying Geographic Disparities in LLM Factual Recall,https://doi.org/10.1145/3630106.3658967,Mazda Moayeri; Elham Tabassi; Soheil Feizi,; USA; ,; Michigan State University; ,2024,LLMs & NLP,,FAccT,0009-0006-2842-5352; 0000-0001-9536-2722; 0000-0003-0944-8242
659,The Dark Side of Dataset Scaling: Evaluating Racial Classification in Multimodal Models,https://doi.org/10.1145/3630106.3658968,Abeba Birhane; Sepehr Dehdashtian; Vinay Uday Prabhu; Vishnu Naresh Boddeti,IE; USA; ; USA,Trinity College Dublin; Michigan State University; ; Michigan State University,2024,General Fairness & Bias Mitigation,,FAccT,0000-0001-6319-7937; 0000-0002-2512-8815; 0000-0001-9602-0134; 0000-0002-8918-9385
660,Speaking of Accent: A Content Analysis of Accent Misconceptions in ASR Research,https://doi.org/10.1145/3630106.3658969,Kerri Prinos; Neal Patwari; Cathleen Power,USA; USA; ,Washington University in St. Louis; Washington University in St. Louis; ,2024,LLMs & NLP,,FAccT,0009-0008-2820-7050; 0000-0003-3440-2043; 0000-0003-1466-6674
661,One Model Many Scores: Using Multiverse Analysis to Prevent Fairness Hacking and Evaluate the Influence of Model Design Decisions,https://doi.org/10.1145/3630106.3658974,Jan Simson; Florian Pfisterer; Christoph Kern,; Germany; ,Munich Center for Machine Learning; Ludwig-Maximilians-Universität München; Munich Center for Machine Learning,2024,General Fairness & Bias Mitigation,,FAccT,0000-0002-9406-7761; 0000-0001-8867-762X; 0000-0001-7363-4299
662,"Large Language Models Portray Socially Subordinate Groups as More Homogeneous, Consistent with a Bias Observed in Humans",https://doi.org/10.1145/3630106.3658975,Messi Ho Jun Lee; Jacob Montgomery; Calvin K. Lai,USA; USA; USA,Washington University in St. Louis; Washington University in St. Louis; Washington University in St. Louis,2024,LLMs & NLP,,FAccT,0000-0003-3096-1112; 0000-0001-5632-2437; 0000-0003-2437-9783
663,The Impact of Differential Feature Under-reporting on Algorithmic Fairness,https://doi.org/10.1145/3630106.3658977,Nil-Jana Akpinar; Zachary C. Lipton; Alexandra Chouldechova,USA; USA; USA,Amazon (United States); Carnegie Mellon University; Carnegie Mellon University,2024,General Fairness & Bias Mitigation,,FAccT,0000-0002-8542-8270; 0000-0002-3824-4241; 0000-0002-2337-9610
664,NLP for Maternal Healthcare: Perspectives and Guiding Principles in the Age of LLMs,https://doi.org/10.1145/3630106.3658982,Maria Antoniak; Aakanksha Naik; Carla S. Alvarado; Lucy Lu Wang; Irene Y. Chen,USA; USA; USA; USA; USA,"Allen Institute; Allen Institute; Association of American Medical Colleges; University of Washington; University of California, San Francisco",2024,Health & Clinical AI,,FAccT,0000-0002-4807-2850; 0000-0002-3673-0051; 0000-0002-1098-7473; 0000-0001-8752-6635; 0000-0003-0173-9133
665,Equalised Odds is not Equal Individual Odds: Post-processing for Group and Individual Fairness,https://doi.org/10.1145/3630106.3658989,Edward Small; Kacper Sokol; Daniel Manning; Flora D. Salim; Jeffrey Chan,Australia; Switzerland; Australia; Australia; Australia,RMIT University; ETH Zurich; RMIT University; UNSW Sydney; RMIT University,2024,General Fairness & Bias Mitigation,,FAccT,0000-0002-3368-1397; 0000-0002-9869-5896; 0009-0007-1144-3121; 0000-0002-1237-1664; 0000-0002-7865-072X
666,Careless Whisper: Speech-to-Text Hallucination Harms,https://doi.org/10.1145/3630106.3658996,Allison Koenecke; Anna Seo Gyeong Choi; K. Mei; Hilke Schellmann; Mona Sloane,USA; USA; USA; USA; USA,Cornell University; Cornell University; University of Washington; New York University; University of Virginia,2024,LLMs & NLP,,FAccT,0000-0002-6233-8256; 0009-0006-2482-2713; 0009-0004-9685-3936; 0009-0008-0233-6970; 0000-0003-1049-2267
667,Unlawful Proxy Discrimination: A Framework for Challenging Inherently Discriminatory Algorithms,,,,,2024,General Fairness & Bias Mitigation,,FAccT,
668,"Real Risks of Fake Data: Synthetic Data, Diversity-Washing and Consent Circumvention",https://doi.org/10.1145/3630106.3659002,Cedric Deslandes Whitney; J Norman,USA; USA,Berkeley College; Berkeley College,2024,General Fairness & Bias Mitigation,,FAccT,0000-0001-8148-1966; 0009-0004-5319-7190
669,Fairness without Sensitive Attributes via Knowledge Sharing,10.1145/3630106.3659014,Hongliang Ni; Lei Han; Tong Chen; Shazia Sadiq; Gianluca Demartini,Australia; Australia; Australia; Australia; Australia,The University of Queensland; The University of Queensland; The University of Queensland; The University of Queensland; The University of Queensland,2024,General Fairness & Bias Mitigation,,FAccT,0009-0005-1474-3969; 0000-0002-7777-3592; 0000-0001-7269-146X; 0000-0001-6739-4145; 0000-0002-7311-3693
670,BaBE: Enhancing Fairness via Estimation of Explaining Variables,10.1145/3630106.3659016,Rūta Binkytė; Daniele Gorla; Catuscia Palamidessi,Germany; ; France,Helmholtz Center for Information Security; ; École Polytechnique,2024,General Fairness & Bias Mitigation,,FAccT,0000-0001-8781-3730; 0000-0001-8859-9844; 0000-0003-4597-7002
671,Akal Badi ya Bias: An Exploratory Study of Gender Bias in Hindi Language Technology,10.1145/3630106.3659017,Rishav Hada; Safiya Husain; Varun Gumma; Harshita Diddee; Aditya Yadavalli; Agrima Seth; Nidhi Kulkarni; Ujwal Gadiraju; Aditya Vashistha; Vivek Seshadri; Kalika Bali,India; ; India; USA; ; USA; ; Netherlands; USA; India; India,Microsoft Research (India); ; Microsoft Research (India); Carnegie Mellon University; ; University of Michigan; ; Delft University of Technology; Cornell University; Microsoft Research (India); Microsoft Research (India),2024,LLMs & NLP,,FAccT,0000-0001-5538-8282; 0009-0008-8298-8732; 0009-0002-5746-3017; 0000-0002-0852-7371; 0000-0002-6882-3762; 0000-0001-8547-6304; 0009-0005-9777-5973; 0000-0002-6189-6539; 0000-0001-5693-3326; 0009-0000-4388-4246; 0000-0001-9275-742X
672,Balancing Act: Evaluating People's Perceptions of Fair Ranking Metrics,10.1145/3630106.3659018,Mallak Alkhathlan; Kathleen Cachel; Hilson Shrestha; Lane Harrison; Elke A. Rundensteiner,USA; USA; USA; USA; USA,Worcester Polytechnic Institute; Worcester Polytechnic Institute; Worcester Polytechnic Institute; Worcester Polytechnic Institute; Worcester Polytechnic Institute,2024,General Fairness & Bias Mitigation,,FAccT,0000-0003-1933-3502; 0000-0002-1260-0914; 0009-0006-6603-6606; 0000-0003-3029-2799; 0000-0001-5375-9254
673,From the Fair Distribution of Predictions to the Fair Distribution of Social Goods: Evaluating the Impact of Fair Machine Learning on Long-Term Unemployment,10.1145/3630106.3659020,Sebastian Zezulka; Konstantin Genin,Germany; Germany,University of Tübingen; University of Tübingen,2024,General Fairness & Bias Mitigation,,FAccT,0009-0004-9184-0650; 0009-0002-8269-9240
674,"The Impact of iBuying is About More Than Just Racial Disparities: Evidence from Mecklenburg County, NC",10.1145/3630106.3659027,Isaac Slaughter; Eva Maxfield Brown; Nicholas Weber,USA; USA; USA,University of Washington; University of Washington; University of Washington,2024,General Fairness & Bias Mitigation,,FAccT,0000-0002-1911-2374; 0000-0003-2564-0373; 0000-0002-6008-3763
675,Recommend Me? Designing Fairness Metrics with Providers,10.1145/3630106.3659044,Jessie J. Smith; Aishwarya Satwani; Robin Burke; Casey Fiesler,USA; USA; USA; USA,University of Colorado Boulder; University of Colorado Boulder; University of Colorado Boulder; University of Colorado Boulder,2024,Recommender Systems,,FAccT,0000-0003-4990-912X; 0009-0007-7159-8133; 0000-0001-5766-6434; 0000-0002-8743-4201
676,Transforming Dutch: Debiasing Dutch Coreference Resolution Systems for Non-binary Pronouns,10.1145/3630106.3659049,Goya van Boven; Yupei Du; Dong Nguyen,Netherlands; Netherlands; Netherlands,Utrecht University; Utrecht University; Utrecht University,2024,LLMs & NLP,,FAccT,0009-0000-1903-3740; 0009-0008-6751-6112; 0000-0002-6062-3117
677,Learning Fair Ranking Policies via Differentiable Optimization of Ordered Weighted Averages,10.1145/3630106.3661932,My H. Dinh; James Kotary; Ferdinando Fioretto,USA; USA; USA,University of Virginia; University of Virginia; University of Virginia,2024,General Fairness & Bias Mitigation,,FAccT,0000-0002-6367-9626; 0000-0002-4499-8066; 0000-0002-1381-6776
678,Algorithmic Arbitrariness in Content Moderation,10.1145/3630106.3659036,Juan Felipe Gomez; Caio C. Vieira Machado; Lucas Monteiro Paes; Flávio P. Calmon,USA; USA; USA; USA,Harvard University; Harvard University Press; Harvard University; Harvard University,2024,General Fairness & Bias Mitigation,,FAccT,0009-0004-4696-2448; 0000-0003-1396-2957; 0000-0003-0129-1420; 0000-0002-7493-1428
679,System-2 Recommenders: Disentangling Utility and Engagement in Recommendation Systems via Temporal Point-Processes,10.1145/3630106.3659004,Arpit Agarwal; Nicolas Usunier; Alessandro Lazaric; Maximilian Nickel,; ; ; ,; ; ; ,2024,Recommender Systems,,FAccT,0009-0006-6758-8904; 0000-0002-9324-1457; 0000-0002-8970-413X; 0000-0001-5006-0827
680,"Emotion AI in Job Interviews: Injustice, Emotional Labor, Identity, and Privacy",10.1145/3715275.3732002,Alexis Shore Ingber; Nazanin Andalibi,USA; USA,University of Michigan; University of Michigan,2025,General Fairness & Bias Mitigation,,FAccT,0000-0002-8085-2355; 0000-0002-3257-2527
681,Auditing the Audits: Lessons for Algorithmic Accountability from Local Law's Bias Audits,10.1145/3715275.3732004,Marissa Gerchick; Ro Encarnación; Cole Tanigawa-Lau; Lena Armstrong; Ana Bedoya Gutiérrez; Danaë Metaxa,USA; USA; USA; USA; USA; USA,American Civil Liberties Union; University of Pennsylvania; Stanford University; Harvard University Press; American Civil Liberties Union; University of Pennsylvania,2025,General Fairness & Bias Mitigation,,FAccT,0009-0007-3831-8961; 0000-0002-2562-4907; 0000-0002-8656-571X; 0000-0001-8306-9270; 0009-0009-0363-2541; 0000-0001-9359-6090
682,"Designing Speech Technologies for Australian Aboriginal English: Opportunities, Risks and Participation",10.1145/3715275.3732010,Ben Hutchinson; Celeste Rodríguez Louro; Glenys Collard; Ned Cooper,; Australia; Australia; Australia,; The University of Western Australia; The University of Western Australia; Australian National University,2025,LLMs & NLP,,FAccT,; 0000-0001-9035-7473; 0000-0001-5622-9240; 0000-0003-1834-279X
683,FairTranslate: an English-French Dataset for Gender Bias Evaluation in Machine Translation by Overcoming Gender Binarity,10.1145/3715275.3732013,Fanny Jourdan; Y Chevalier; Cécile Favre,France; France; France,IRT M2P; Université Lumière Lyon 2; Université Claude Bernard Lyon 1,2025,LLMs & NLP,,FAccT,; 0000-0002-8571-906X; 0000-0002-8658-7564
684,Formalising Anti-Discrimination Law in Automated Decision Systems,10.1145/3715275.3732015,Holli Sargeant; Måns Magnusson,United Kingdom; Sweden,University of Cambridge; Uppsala University,2025,General Fairness & Bias Mitigation,,FAccT,0000-0003-3482-7789; 0000-0002-0296-2719
685,Classifying Hate: Legal and Ethical Evaluations of ML-Assisted Hate Crime Classification and Estimation in Sweden,10.1145/3715275.3732016,Holli Sargeant; Hannes Waldetoft; Måns Magnusson,United Kingdom; Sweden; Sweden,University of Cambridge; Uppsala University; Uppsala University,2025,General Fairness & Bias Mitigation,,FAccT,0000-0003-3482-7789; 0009-0006-7326-6231; 0000-0002-0296-2719
686,"""It's not a representation of me"": Examining Accent Bias and Digital Exclusion in Synthetic AI Voice Services",10.1145/3715275.3732018,Michel Sala; Sufi Kaur; Sarah Elizabeth Gillespie; J. M. Gleason; Christo Wilson; Avijit Ghosh,USA; USA; USA; USA; USA; USA,Northeastern University; Northeastern University; Northeastern University; Northeastern University; Northeastern University; Boston University,2025,LLMs & NLP,,FAccT,0009-0003-2143-991X; 0009-0008-7913-4963; ; 0000-0003-1954-2793; 0000-0002-5268-004X; 0000-0002-8540-3698
687,The World Wide Recipe: A Community-Centred Framework for Fine-Grained Data Collection and Regional Bias Operationalisation,10.1145/3715275.3732019,Jabez Magomere; Shu Ishida; Tejumade Afonja; Aya Salama; Daniel Kochin; Foutse Yuehgoh; Imane Hamzaoui; Raesetje Sefala; Aisha Alaagib; Samantha Dalal; Beatrice Marchegiani; Elizaveta Semenova; Lauren Crais; Siobhan Mackenzie Hall,United Kingdom; United Kingdom; Germany; ; United Kingdom; ; DZ; Canada; ; USA; United Kingdom; United Kingdom; United Kingdom; United Kingdom,University of Oxford; Autodesk (United Kingdom); Helmholtz Center for Information Security; ; University of Oxford; ; École Nationale Supérieure d'Informatique; McGill University; ; University of Colorado Boulder; University of Oxford; Imperial College London; University of Oxford; University of Oxford,2025,General Fairness & Bias Mitigation,,FAccT,; 0000-0002-1391-4886; 0000-0003-0639-9668; 0000-0001-7111-7677; 0000-0003-3468-8221; 0000-0002-2092-1013; 0009-0008-7413-5545; 0000-0002-8650-671X; ; 0000-0002-5604-055X; 0000-0003-2700-6106; 0000-0002-8271-2575; 0000-0001-5003-3538; 0000-0002-1520-4220
688,"WEIRD Audits? Research Trends, Linguistic and Geographical Disparities in the Algorithm Audits of Online Platforms: A Systematic Literature Review",10.1145/3715275.3732026,Aleksandra Urman; Mykola Makhortykh; Anikó Hannák,Switzerland; Switzerland; Switzerland,University of Zurich; University of Bern; University of Zurich,2025,General Fairness & Bias Mitigation,,FAccT,0000-0003-3332-9294; 0000-0001-7143-5317; 0000-0002-0612-6320
689,African Data Ethics: A Discursive Framework for Black Decolonial AI,10.1145/3715275.3732023,Teanna Barrett; Chinasa T. Okolo; B. Biira; Eman Sherif; Amy X. Zhang; Leilani Battle,USA; USA; USA; USA; USA; USA,University of Washington; Brookings Institution; University of Washington; University of Washington; University of Washington; University of Washington,2025,General Fairness & Bias Mitigation,,FAccT,0000-0002-3259-112X; 0000-0002-6474-3378; ; 0009-0000-2736-2499; 0000-0001-9462-9835; 0000-0003-3870-636X
690,Position is Power: System Prompts as a Mechanism of Bias in Large Language Models,10.1145/3715275.3732038,Anna Neumann; Elisabeth Kirsten; Muhammad Bilal Zafar; Jatinder Singh,Germany; Germany; Germany; United Kingdom,University of Duisburg-Essen; Ruhr University Bochum; Ruhr University Bochum; University of Cambridge,2025,LLMs & NLP,,FAccT,; ; 0000-0001-8347-7813; 0000-0002-5102-6564
691,Expressing Stigma and Inappropriate Responses Prevents LLMs from Safely Replacing Mental Health Providers,10.1145/3715275.3732039,Jared Moore; Declan Grabb; William S. Agnew; Kevin Klyman; Stevie Chancellor; Desmond C. Ong; Nick Haber,USA; USA; ; USA; USA; USA; USA,Palo Alto University; Palo Alto University; ; Palo Alto University; University of Minnesota; The University of Texas at Austin; Palo Alto University,2025,Health & Clinical AI,,FAccT,0000-0002-8541-6886; 0009-0009-1814-3556; 0000-0002-1362-554X; 0009-0003-2130-3529; 0000-0003-0620-0903; 0000-0002-6781-8072; 0000-0001-8804-7804
692,Pragmatic Fairness: Evaluating ML Fairness within the Constraints of Industry,10.1145/3715275.3732040,Jessie J. Smith; Michael Madaio; Robin Burke; Casey Fiesler,USA; USA; USA; USA,University of Colorado Boulder; Google (United States); University of Colorado Boulder; University of Colorado Boulder,2025,General Fairness & Bias Mitigation,,FAccT,0000-0003-4990-912X; 0000-0001-5772-0488; 0000-0001-5766-6434; 0000-0002-8743-4201
693,Social Perception of Faces in a Vision-Language Model,10.1145/3715275.3732041,Carina Ines Hausladen; Manuel Knott; Colin F. Camerer; Pietro Perona,USA; USA; USA; USA,California Institute of Technology; California Institute of Technology; California Institute of Technology; California Institute of Technology,2025,General Fairness & Bias Mitigation,,FAccT,0000-0003-4397-2339; 0000-0002-5447-4549; 0000-0003-4049-1871; 0000-0002-7583-5809
694,Group Fair Rated Preference Aggregation: Ties Are (Mostly) All You Need,10.1145/3715275.3732042,Kathleen Cachel; Elke A. Rundensteiner,USA; USA,Worcester Polytechnic Institute; Worcester Polytechnic Institute,2025,General Fairness & Bias Mitigation,,FAccT,0000-0002-1260-0914; 0000-0001-5375-9254
695,Identities are not Interchangeable: The Problem of Overgeneralization in Fair Machine Learning,10.1145/3715275.3732033,Angelina Wang,USA,Cornell University,2025,General Fairness & Bias Mitigation,,FAccT,0000-0001-9140-3523
696,"Not Like Us, Hunty: Measuring Perceptions and Behavioral Effects of Minoritized Anthropomorphic Cues in LLMs",10.1145/3715275.3732045,Jeffrey Basoah; Daniel Chechelnitsky; Tao Long; Katharina Reinecke; Chrysoula Zerva; Kaitlyn Zhou; Mark Díaz; Maarten Sap,USA; USA; USA; USA; Portugal; USA; USA; USA,University of Washington; Carnegie Mellon University; Columbia University; University of Washington; University of Lisbon; Stanford University; Google (United States); Carnegie Mellon University,2025,LLMs & NLP,,FAccT,; ; 0000-0002-1173-3475; 0000-0001-7897-9325; 0000-0002-4031-9492; 0000-0001-8804-8161; 0000-0003-0167-9839; 0000-0002-0701-4654
697,Measuring Machine Learning Harms from Stereotypes Requires Understanding Who Is Harmed by Which Errors in What Ways,10.1145/3715275.3732046,Angelina Wang; Xuechunzi Bai; Solon Barocas; Su Lin Blodgett,USA; USA; USA; Canada,Cornell University; University of Chicago; Microsoft (United States); Microsoft (Canada),2025,General Fairness & Bias Mitigation,,FAccT,0000-0001-9140-3523; 0000-0002-2277-5451; 0000-0003-4577-466X; 0000-0002-9861-3483
698,"In the Picture: Medical Imaging Datasets, Artifacts, and their Living Review",10.1145/3715275.3732035,Amelia Jiménez-Sánchez; Natalia-Rozalia Avlona; Sarah de Boer; Víctor M. Campello; Aasa Feragen; Enzo Ferrante; Melanie Ganz; Judy Wawira Gichoya; Camila González; Steff Groefsema; Alessa Hering; Ádám Hulmán; Leo Joskowicz; Dovile Juodelyte; Melih Kandemir; Thijs Kooi; Jorge del Pozo Lérida; Livie Yumeng Li; André G. C. Pacheco; Tim Rädsch; Mauricio Reyes; Théo Sourget; Bram van Ginneken; David Wen; Nina Weng; Jack Junchi Xu; Hubert Dariusz Zając; María A. Zuluaga; Veronika Cheplygina,Denmark; ; Netherlands; ; Denmark; Argentina; Denmark; USA; USA; ; Netherlands; Denmark; ; Denmark; Denmark; ; ; Denmark; ; Germany; Switzerland; Denmark; Netherlands; United Kingdom; Denmark; Denmark; ; France; Denmark,IT University of Copenhagen; ; Radboud University Nijmegen; ; Danish Geotechnical Society; Institute of Astronomy and Space Physics; Rigshospitalet; Emory University; Stanford University; ; Radboud University Nijmegen; Aarhus University; ; IT University of Copenhagen; Odense Municipality; ; ; Aarhus University; ; Heidelberg University; University of Bern; IT University of Copenhagen; Radboud University Nijmegen; Oxford University Hospitals NHS Trust; Danish Geotechnical Society; Copenhagen University Hospital; ; EURECOM; IT University of Copenhagen,2025,Health & Clinical AI,,FAccT,0000-0001-7870-0603; 0000-0002-1009-1810; 0000-0001-5184-4340; 0000-0003-1727-983X; 0000-0002-9945-981X; 0000-0002-8500-788X; 0000-0002-9120-8098; 0000-0002-1097-316X; 0000-0002-4510-7309; 0009-0001-4195-9221; 0000-0002-7602-803X; 0000-0002-3969-1000; 0000-0002-3010-4770; 0000-0002-6195-1120; 0000-0001-6293-3656; 0000-0001-7701-7837; ; 0009-0000-8579-6228; 0000-0003-0117-9308; 0000-0003-3518-0315; 0000-0002-2434-9990; 0009-0005-0220-9590; 0000-0003-2028-8972; 0000-0001-9112-8517; 0009-0006-4635-0438; 0000-0002-2259-6795; 0000-0003-0689-6912; 0000-0002-1147-766X; 0000-0003-0176-9324
699,Dangerous Criminals and Beautiful Prostitutes? Investigating Harmful Representations in Dutch Language Models,10.1145/3715275.3732065,Zilin Lin; Gabriela Trogrlic; Claes H. de Vreese; Natali Helberger,Netherlands; Netherlands; Netherlands; Netherlands,Amsterdam University of the Arts; Amsterdam University of the Arts; Amsterdam University of the Arts; Amsterdam University of the Arts,2025,LLMs & NLP,,FAccT,0000-0003-1757-1769; ; 0000-0002-4962-1698; 0000-0003-1652-0580
700,Component-Based Fairness in Face Attribute Classification with Bayesian Network-informed Meta Learning,10.1145/3715275.3732066,Yifan Liu; Ruichen Yao; Yaokun Liu; Ruohan Zong; Zelin Li; Yang Zhang; Dong Wang,USA; USA; USA; USA; USA; USA; USA,University of Illinois Urbana-Champaign; University of Illinois Urbana-Champaign; University of Illinois Urbana-Champaign; University of Illinois Urbana-Champaign; University of Illinois Urbana-Champaign; University of Illinois Urbana-Champaign; University of Illinois Urbana-Champaign,2025,General Fairness & Bias Mitigation,,FAccT,0009-0003-6658-8089; ; 0009-0004-5180-4540; 0000-0002-6499-3406; ; 0000-0001-8135-369X; 0000-0002-9599-8023
701,Towards Effective Discrimination Testing for Generative AI,10.1145/3715275.3732067,Thomas P. Zollo; Nikita Rajaneesh; Richard S. Zemel; Talia B. Gillis; Emily Black,USA; USA; USA; USA; USA,Columbia University; Columbia University; Columbia University; Columbia University; New York University,2025,LLMs & NLP,,FAccT,; 0009-0004-2271-3551; 0000-0001-9353-7509; 0000-0001-8084-5158; 0000-0002-4301-3739
702,Who Gets Heard? Calling Out the Hard-to-Reach Myth for Non-WEIRD Populations' Recruitment and Involvement in Research,10.1145/3715275.3732055,Ankolika De; Shaheen Kanthawala; Jessica Maddox,USA; USA; USA,Pennsylvania State University; University of Alabama; University of Alabama,2025,General Fairness & Bias Mitigation,,FAccT,0009-0000-5279-1420; 0000-0001-9321-0266; 0000-0001-6549-1048
703,Un-Straightening Generative AI: How Queer Artists Surface and Challenge Model Normativity,10.1145/3715275.3732061,Jordan Taylor; Joel Mire; Franchesca Spektor; Alicia DeVrio; Maarten Sap; Haiyi Zhu; Sarah Fox,USA; USA; USA; USA; USA; USA; USA,Carnegie Mellon University; Carnegie Mellon University; Carnegie Mellon University; Carnegie Mellon University; Carnegie Mellon University; Carnegie Mellon University; Carnegie Mellon University,2025,LLMs & NLP,,FAccT,0000-0002-0896-992X; ; 0000-0003-4278-1346; 0000-0002-9912-4198; 0000-0002-0701-4654; 0000-0001-7271-9100; 0000-0002-7888-2598
704,Liberatory Collections and Ethical AI: Reimagining AI Development from Black Community Archives and Datasets,10.1145/3715275.3732058,Payton Croskey; Fabian Offert; Jennifer Jacobs; Kai M. Thaler,USA; USA; USA; USA,"University of California, Santa Barbara; University of California, Santa Barbara; University of California, Santa Barbara; University of California, Santa Barbara",2025,General Fairness & Bias Mitigation,,FAccT,; ; 0000-0001-8666-8527; 0000-0003-0836-8689
