author_full_name,orcid_id,affiliation,country,doi,publication_date,publication_year,open_access,type
Jenna Wiens,https://orcid.org/0000-0002-1057-7722,University of Michigan–Ann Arbor,US,https://doi.org/10.1038/s41591-019-0726-6,2020-01-01,2020,False,article
W. Nicholson Price,https://orcid.org/0000-0003-0729-290X,University of Michigan–Ann Arbor,US,https://doi.org/10.1038/s41591-019-0726-6,2020-01-01,2020,False,article
Michael W. Sjoding,https://orcid.org/0000-0002-0535-9659,University of Michigan–Ann Arbor,US,https://doi.org/10.1038/s41591-019-0726-6,2020-01-01,2020,False,article
Trishan Panch,https://orcid.org/0000-0002-6554-061X,Harvard University,US,https://doi.org/10.7189/jogh.09.020318,2019-11-24,2019,True,review
Heather Mattie,https://orcid.org/0000-0002-1263-2537,Harvard University,US,https://doi.org/10.7189/jogh.09.020318,2019-11-24,2019,True,review
Rifat Atun,https://orcid.org/0000-0002-1531-5983,Harvard Global Health Institute,US,https://doi.org/10.7189/jogh.09.020318,2019-11-24,2019,True,review
Farah Magrabi,https://orcid.org/0000-0002-8426-5588,Macquarie University,AU,https://doi.org/10.1055/s-0039-1677903,2019-04-25,2019,True,review
Elske Ammenwerth,https://orcid.org/0000-0002-3244-6918,"UMIT - Private Universität für Gesundheitswissenschaften, Medizinische Informatik und Technik",AT,https://doi.org/10.1055/s-0039-1677903,2019-04-25,2019,True,review
Jytte Brender McNair,https://orcid.org/0009-0006-0684-8143,Aalborg University,DK,https://doi.org/10.1055/s-0039-1677903,2019-04-25,2019,True,review
N. F. de Keizer,,Amsterdam University Medical Centers,NL,https://doi.org/10.1055/s-0039-1677903,2019-04-25,2019,True,review
Hannele Hyppönen,https://orcid.org/0000-0002-3914-5640,Finnish Institute for Health and Welfare,FI,https://doi.org/10.1055/s-0039-1677903,2019-04-25,2019,True,review
Pirkko Nykänen,,Tampere University,FI,https://doi.org/10.1055/s-0039-1677903,2019-04-25,2019,True,review
Michael Rigby,https://orcid.org/0000-0003-1342-6177,Keele University,GB,https://doi.org/10.1055/s-0039-1677903,2019-04-25,2019,True,review
Philip Scott,https://orcid.org/0000-0002-6289-4260,University of Portsmouth,GB,https://doi.org/10.1055/s-0039-1677903,2019-04-25,2019,True,review
Tuulikki Vehko,https://orcid.org/0000-0002-0034-8379,Finnish Institute for Health and Welfare,FI,https://doi.org/10.1055/s-0039-1677903,2019-04-25,2019,True,review
Zoie Shui-Yee Wong,https://orcid.org/0000-0003-4499-9779,St. Luke's International University,JP,https://doi.org/10.1055/s-0039-1677903,2019-04-25,2019,True,review
Andrew Georgiou,https://orcid.org/0000-0002-7619-3668,Macquarie University,AU,https://doi.org/10.1055/s-0039-1677903,2019-04-25,2019,True,review
Ashish Kumar,https://orcid.org/0000-0003-2905-3563,Bennett University,IN,https://doi.org/10.1007/s11042-023-16029-x,2023-07-22,2023,True,review
Vivekanand Aelgani,https://orcid.org/0000-0003-4106-7482,CMR University,IN,https://doi.org/10.1007/s11042-023-16029-x,2023-07-22,2023,True,review
Rubeena Vohra,https://orcid.org/0000-0003-0613-9954,Bharati Vidyapeeth Deemed University,IN,https://doi.org/10.1007/s11042-023-16029-x,2023-07-22,2023,True,review
Suneet Kumar Gupta,https://orcid.org/0000-0002-0757-1290,Bennett University,IN,https://doi.org/10.1007/s11042-023-16029-x,2023-07-22,2023,True,review
Mrinalini Bhagawati,https://orcid.org/0000-0001-6804-5000,North Eastern Hill University,IN,https://doi.org/10.1007/s11042-023-16029-x,2023-07-22,2023,True,review
Sudip Paul,https://orcid.org/0000-0001-9856-539X,North Eastern Hill University,IN,https://doi.org/10.1007/s11042-023-16029-x,2023-07-22,2023,True,review
Luca Saba,https://orcid.org/0000-0003-3610-8526,University of Cagliari,IT,https://doi.org/10.1007/s11042-023-16029-x,2023-07-22,2023,True,review
Neha Suri,,,,https://doi.org/10.1007/s11042-023-16029-x,2023-07-22,2023,True,review
Narendra N. Khanna,https://orcid.org/0000-0002-6935-0039,,,https://doi.org/10.1007/s11042-023-16029-x,2023-07-22,2023,True,review
John R. Laird,https://orcid.org/0000-0003-2095-2191,St. Helena Hospital,US,https://doi.org/10.1007/s11042-023-16029-x,2023-07-22,2023,True,review
Amer M. Johri,https://orcid.org/0000-0001-7044-8212,Queen's University,CA,https://doi.org/10.1007/s11042-023-16029-x,2023-07-22,2023,True,review
Manudeep Kalra,,Massachusetts General Hospital,US,https://doi.org/10.1007/s11042-023-16029-x,2023-07-22,2023,True,review
Mostafa M. Fouda,https://orcid.org/0000-0003-1790-8640,Idaho State University,US,https://doi.org/10.1007/s11042-023-16029-x,2023-07-22,2023,True,review
Mostafa Fatemi,https://orcid.org/0000-0002-6603-9077,Mayo Clinic,US,https://doi.org/10.1007/s11042-023-16029-x,2023-07-22,2023,True,review
Subbaram Naidu,,"University of Minnesota, Duluth",US,https://doi.org/10.1007/s11042-023-16029-x,2023-07-22,2023,True,review
Jasjit S. Suri,https://orcid.org/0000-0001-6499-396X,,,https://doi.org/10.1007/s11042-023-16029-x,2023-07-22,2023,True,review
Varadraj P. Gurupur,https://orcid.org/0000-0001-5723-7998,University of Central Florida,US,https://doi.org/10.3390/medicina56030141,2020-03-20,2020,True,review
Thomas T. H. Wan,https://orcid.org/0000-0002-5235-4586,University of Central Florida,US,https://doi.org/10.3390/medicina56030141,2020-03-20,2020,True,review
Shahriar Akter,https://orcid.org/0000-0002-2050-9985,University of Wollongong,AU,https://doi.org/10.1016/j.ijinfomgt.2021.102387,2021-07-10,2021,False,article
Grace McCarthy,https://orcid.org/0000-0002-3040-2815,University of Wollongong,AU,https://doi.org/10.1016/j.ijinfomgt.2021.102387,2021-07-10,2021,False,article
Shahriar Sajib,https://orcid.org/0000-0003-0209-7718,University of Technology Sydney,AU,https://doi.org/10.1016/j.ijinfomgt.2021.102387,2021-07-10,2021,False,article
Katina Michael,https://orcid.org/0000-0003-3118-5557,Arizona State University,US,https://doi.org/10.1016/j.ijinfomgt.2021.102387,2021-07-10,2021,False,article
Yogesh K. Dwivedi,https://orcid.org/0000-0002-5547-9990,Swansea University,GB,https://doi.org/10.1016/j.ijinfomgt.2021.102387,2021-07-10,2021,False,article
John D’Ambra,https://orcid.org/0000-0002-2914-1101,UNSW Sydney,AU,https://doi.org/10.1016/j.ijinfomgt.2021.102387,2021-07-10,2021,False,article
Kathy Ning Shen,https://orcid.org/0000-0002-3686-7568,United Arab Emirates University,AE,https://doi.org/10.1016/j.ijinfomgt.2021.102387,2021-07-10,2021,False,article
Muhammad Bilal Zafar,https://orcid.org/0000-0001-6329-303X,Max Planck Institute for Software Systems,DE,https://doi.org/10.48550/arxiv.1507.05259,2015-01-01,2015,True,preprint
Isabel Valera,https://orcid.org/0000-0002-6440-4376,Max Planck Institute for Software Systems,DE,https://doi.org/10.48550/arxiv.1507.05259,2015-01-01,2015,True,preprint
Manuel Gomez-Rodriguez,https://orcid.org/0000-0003-3930-1161,Max Planck Institute for Software Systems,DE,https://doi.org/10.48550/arxiv.1507.05259,2015-01-01,2015,True,preprint
Krishna P. Gummadi,https://orcid.org/0000-0003-1256-8800,Max Planck Institute for Software Systems,DE,https://doi.org/10.48550/arxiv.1507.05259,2015-01-01,2015,True,preprint
Max Hort,https://orcid.org/0000-0001-8684-5909,,,https://doi.org/10.48550/arxiv.2207.07068,2022-01-01,2022,True,preprint
Zhenpeng Chen,https://orcid.org/0000-0002-4765-1893,,,https://doi.org/10.48550/arxiv.2207.07068,2022-01-01,2022,True,preprint
Jie M. Zhang,https://orcid.org/0000-0003-0481-7264,,,https://doi.org/10.48550/arxiv.2207.07068,2022-01-01,2022,True,preprint
Federica Sarro,https://orcid.org/0000-0002-9146-442X,,,https://doi.org/10.48550/arxiv.2207.07068,2022-01-01,2022,True,preprint
Mark Harman,https://orcid.org/0000-0002-5864-4488,,,https://doi.org/10.48550/arxiv.2207.07068,2022-01-01,2022,True,preprint
Emilio Ferrara,https://orcid.org/0000-0002-1942-2831,University of Southern California,US,https://doi.org/10.3390/sci6010003,2023-12-26,2023,True,article
Paula Reyero Lobo,https://orcid.org/0000-0001-5238-4550,The Open University,GB,https://doi.org/10.3233/sw-223041,2022-09-06,2022,True,article
Enrico Daga,https://orcid.org/0000-0002-3184-5407,Open Knowledge (United Kingdom),GB,https://doi.org/10.3233/sw-223041,2022-09-06,2022,True,article
Harith Alani,https://orcid.org/0000-0003-2784-349X,Open Knowledge (United Kingdom),GB,https://doi.org/10.3233/sw-223041,2022-09-06,2022,True,article
Miriam Fernández,https://orcid.org/0000-0001-5939-4321,Open Knowledge (United Kingdom),GB,https://doi.org/10.3233/sw-223041,2022-09-06,2022,True,article
Eirini Ntoutsi,https://orcid.org/0000-0001-5729-1003,L3S Research Center,DE,https://doi.org/10.48550/arxiv.2001.09762,2020-01-01,2020,True,preprint
Pavlos Fafalios,https://orcid.org/0000-0003-2788-526X,L3S Research Center,DE,https://doi.org/10.48550/arxiv.2001.09762,2020-01-01,2020,True,preprint
Ujwal Gadiraju,https://orcid.org/0000-0002-6189-6539,Leibniz University Hannover,DE,https://doi.org/10.48550/arxiv.2001.09762,2020-01-01,2020,True,preprint
Vasileios Iosifidis,https://orcid.org/0000-0002-3005-4507,,,https://doi.org/10.48550/arxiv.2001.09762,2020-01-01,2020,True,preprint
Wolfgang Nejdl,https://orcid.org/0000-0003-3374-2193,,,https://doi.org/10.48550/arxiv.2001.09762,2020-01-01,2020,True,preprint
María-Esther Vidal,https://orcid.org/0000-0003-1160-8727,,,https://doi.org/10.48550/arxiv.2001.09762,2020-01-01,2020,True,preprint
Salvatore Ruggieri,https://orcid.org/0000-0002-1917-6087,,,https://doi.org/10.48550/arxiv.2001.09762,2020-01-01,2020,True,preprint
Franco Turini,https://orcid.org/0000-0001-6789-5476,,,https://doi.org/10.48550/arxiv.2001.09762,2020-01-01,2020,True,preprint
Symeon Papadopoulos,https://orcid.org/0000-0002-5441-7341,,,https://doi.org/10.48550/arxiv.2001.09762,2020-01-01,2020,True,preprint
Emmanouil Krasanakis,https://orcid.org/0000-0002-3947-222X,,,https://doi.org/10.48550/arxiv.2001.09762,2020-01-01,2020,True,preprint
Ioannis Kompatsiaris,https://orcid.org/0000-0001-6447-9020,,,https://doi.org/10.48550/arxiv.2001.09762,2020-01-01,2020,True,preprint
Katharina Kinder‐Kurlanda,https://orcid.org/0000-0002-7749-645X,,,https://doi.org/10.48550/arxiv.2001.09762,2020-01-01,2020,True,preprint
Claudia Wagner,https://orcid.org/0000-0002-0640-8221,,,https://doi.org/10.48550/arxiv.2001.09762,2020-01-01,2020,True,preprint
Fariba Karimi,https://orcid.org/0000-0002-0037-2475,,,https://doi.org/10.48550/arxiv.2001.09762,2020-01-01,2020,True,preprint
Miriam Fernández,https://orcid.org/0000-0001-5939-4321,,,https://doi.org/10.48550/arxiv.2001.09762,2020-01-01,2020,True,preprint
Harith Alani,https://orcid.org/0000-0003-2784-349X,,,https://doi.org/10.48550/arxiv.2001.09762,2020-01-01,2020,True,preprint
Bettina Berendt,https://orcid.org/0000-0002-8003-3413,,,https://doi.org/10.48550/arxiv.2001.09762,2020-01-01,2020,True,preprint
Tina Kruegel,,,,https://doi.org/10.48550/arxiv.2001.09762,2020-01-01,2020,True,preprint
Christian Heinze,https://orcid.org/0000-0002-9114-8080,,,https://doi.org/10.48550/arxiv.2001.09762,2020-01-01,2020,True,preprint
Klaus Broelemann,,,,https://doi.org/10.48550/arxiv.2001.09762,2020-01-01,2020,True,preprint
Gjergji Kasneci,https://orcid.org/0000-0002-3123-7268,,,https://doi.org/10.48550/arxiv.2001.09762,2020-01-01,2020,True,preprint
Thanassis Tiropanis,,,,https://doi.org/10.48550/arxiv.2001.09762,2020-01-01,2020,True,preprint
Steffen Staab,https://orcid.org/0000-0002-0780-4154,,,https://doi.org/10.48550/arxiv.2001.09762,2020-01-01,2020,True,preprint
Georgina Curto,https://orcid.org/0000-0002-8232-3131,Universitat Ramon Llull,ES,https://doi.org/10.1007/s00146-022-01494-z,2022-06-28,2022,True,article
Mario Jojoa,https://orcid.org/0000-0002-6578-071X,Universidad de Deusto,ES,https://doi.org/10.1007/s00146-022-01494-z,2022-06-28,2022,True,article
Flávio Comim,https://orcid.org/0000-0003-0941-734X,Universitat Ramon Llull,ES,https://doi.org/10.1007/s00146-022-01494-z,2022-06-28,2022,True,article
Begonya García-Zapirain,https://orcid.org/0000-0002-9356-1186,Universidad de Deusto,ES,https://doi.org/10.1007/s00146-022-01494-z,2022-06-28,2022,True,article
Leo Anthony Celi,https://orcid.org/0000-0001-6712-6626,Massachusetts Institute of Technology,US,https://doi.org/10.1371/journal.pdig.0000022,2022-03-31,2022,True,article
Jacqueline Cellini,https://orcid.org/0000-0002-5031-3887,Harvard University,US,https://doi.org/10.1371/journal.pdig.0000022,2022-03-31,2022,True,article
Marie‐Laure Charpignon,https://orcid.org/0000-0002-5786-2627,Massachusetts Institute of Technology,US,https://doi.org/10.1371/journal.pdig.0000022,2022-03-31,2022,True,article
Edward Christopher Dee,https://orcid.org/0000-0001-6119-0889,Harvard University,US,https://doi.org/10.1371/journal.pdig.0000022,2022-03-31,2022,True,article
Franck Dernoncourt,https://orcid.org/0000-0002-1119-1346,Adobe Systems (United States),US,https://doi.org/10.1371/journal.pdig.0000022,2022-03-31,2022,True,article
René Eber,https://orcid.org/0000-0002-4347-0198,Montpellier Business School,FR,https://doi.org/10.1371/journal.pdig.0000022,2022-03-31,2022,True,article
William Mitchell,https://orcid.org/0000-0002-2122-6741,Harvard University,US,https://doi.org/10.1371/journal.pdig.0000022,2022-03-31,2022,True,article
Lama Moukheiber,,Massachusetts General Hospital,US,https://doi.org/10.1371/journal.pdig.0000022,2022-03-31,2022,True,article
Julian Schirmer,https://orcid.org/0000-0002-8842-4849,Montpellier Business School,FR,https://doi.org/10.1371/journal.pdig.0000022,2022-03-31,2022,True,article
Julia Situ,,Massachusetts Institute of Technology,US,https://doi.org/10.1371/journal.pdig.0000022,2022-03-31,2022,True,article
Joseph Alexander Paguio,https://orcid.org/0000-0003-4054-5112,Einstein Medical Center Philadelphia,US,https://doi.org/10.1371/journal.pdig.0000022,2022-03-31,2022,True,article
Joel Park,https://orcid.org/0000-0003-1319-6893,,,https://doi.org/10.1371/journal.pdig.0000022,2022-03-31,2022,True,article
Judy Gichoya Wawira,,Emory University,US,https://doi.org/10.1371/journal.pdig.0000022,2022-03-31,2022,True,article
Seth Yao,,Einstein Medical Center Philadelphia,US,https://doi.org/10.1371/journal.pdig.0000022,2022-03-31,2022,True,article
Gökhan Özkaya,https://orcid.org/0000-0002-2267-6568,Yıldız Technical University,TR,https://doi.org/10.3390/su15054604,2023-03-04,2023,True,article
Ayşe Demi̇rhan,https://orcid.org/0000-0001-9227-9210,Yıldız Technical University,TR,https://doi.org/10.3390/su15054604,2023-03-04,2023,True,article
Jonathan Huang,https://orcid.org/0000-0002-3428-9952,Northwestern University,US,https://doi.org/10.2196/36388,2022-03-27,2022,True,review
Galal Galal,https://orcid.org/0000-0003-3525-859X,Northwestern University,US,https://doi.org/10.2196/36388,2022-03-27,2022,True,review
Mozziyar Etemadi,https://orcid.org/0000-0002-6324-9220,Northwestern University,US,https://doi.org/10.2196/36388,2022-03-27,2022,True,review
Mahesh Vaidyanathan,https://orcid.org/0000-0003-4311-8896,Northwestern University,US,https://doi.org/10.2196/36388,2022-03-27,2022,True,review
Paul Pu Liang,https://orcid.org/0000-0001-7768-3610,,,https://doi.org/10.48550/arxiv.2007.08100,2020-01-01,2020,True,preprint
Irene Mengze Li,,,,https://doi.org/10.48550/arxiv.2007.08100,2020-01-01,2020,True,preprint
Emily Zheng,https://orcid.org/0000-0002-6602-3243,,,https://doi.org/10.48550/arxiv.2007.08100,2020-01-01,2020,True,preprint
Yao Chong Lim,,,,https://doi.org/10.48550/arxiv.2007.08100,2020-01-01,2020,True,preprint
Ruslan Salakhutdinov,https://orcid.org/0000-0002-3752-2756,,,https://doi.org/10.48550/arxiv.2007.08100,2020-01-01,2020,True,preprint
Louis‐Philippe Morency,https://orcid.org/0000-0001-6376-7696,,,https://doi.org/10.48550/arxiv.2007.08100,2020-01-01,2020,True,preprint
David Danks,https://orcid.org/0000-0003-4541-5966,Carnegie Mellon University,US,https://doi.org/10.24963/ijcai.2017/654,2017-07-28,2017,True,article
Alex John London,https://orcid.org/0000-0002-6450-0309,Carnegie Mellon University,US,https://doi.org/10.24963/ijcai.2017/654,2017-07-28,2017,True,article
Matthew Joseph,,University of Pennsylvania,US,https://doi.org/10.1145/3278721.3278764,2018-12-27,2018,False,article
Michael Kearns,https://orcid.org/0000-0001-7569-0147,University of Pennsylvania,US,https://doi.org/10.1145/3278721.3278764,2018-12-27,2018,False,article
Jamie Morgenstern,https://orcid.org/0000-0003-3753-8405,University of Pennsylvania,US,https://doi.org/10.1145/3278721.3278764,2018-12-27,2018,False,article
Seth Neel,,University of Pennsylvania,US,https://doi.org/10.1145/3278721.3278764,2018-12-27,2018,False,article
Aaron Roth,https://orcid.org/0000-0002-0586-0515,University of Pennsylvania,US,https://doi.org/10.1145/3278721.3278764,2018-12-27,2018,False,article
Simon Caton,https://orcid.org/0000-0001-9379-3879,University College Dublin,IE,https://doi.org/10.1145/3616865,2023-08-23,2023,True,review
Christian Haas,https://orcid.org/0000-0002-2690-5962,Vienna University of Economics and Business,AT,https://doi.org/10.1145/3616865,2023-08-23,2023,True,review
Haochen Liu,https://orcid.org/0000-0002-1801-4879,,,https://doi.org/10.48550/arxiv.2107.06641,2021-01-01,2021,True,preprint
Yiqi Wang,https://orcid.org/0000-0002-3280-4607,,,https://doi.org/10.48550/arxiv.2107.06641,2021-01-01,2021,True,preprint
Wenqi Fan,,,,https://doi.org/10.48550/arxiv.2107.06641,2021-01-01,2021,True,preprint
Xiaorui Liu,https://orcid.org/0000-0002-8208-0651,,,https://doi.org/10.48550/arxiv.2107.06641,2021-01-01,2021,True,preprint
Yaxin Li,https://orcid.org/0000-0003-0160-8950,,,https://doi.org/10.48550/arxiv.2107.06641,2021-01-01,2021,True,preprint
Shaili Jain,https://orcid.org/0000-0002-9007-6169,,,https://doi.org/10.48550/arxiv.2107.06641,2021-01-01,2021,True,preprint
Yunhao Liu,https://orcid.org/0009-0008-9772-4991,,,https://doi.org/10.48550/arxiv.2107.06641,2021-01-01,2021,True,preprint
Anil K. Jain,https://orcid.org/0000-0002-6369-6995,,,https://doi.org/10.48550/arxiv.2107.06641,2021-01-01,2021,True,preprint
Jiliang Tang,https://orcid.org/0000-0001-7125-3898,,,https://doi.org/10.48550/arxiv.2107.06641,2021-01-01,2021,True,preprint
Zhenpeng Chen,https://orcid.org/0000-0002-4765-1893,,,https://doi.org/10.48550/arxiv.2207.03277,2022-01-01,2022,True,preprint
Jie M. Zhang,https://orcid.org/0000-0003-0481-7264,,,https://doi.org/10.48550/arxiv.2207.03277,2022-01-01,2022,True,preprint
Federica Sarro,https://orcid.org/0000-0002-9146-442X,,,https://doi.org/10.48550/arxiv.2207.03277,2022-01-01,2022,True,preprint
Mark Harman,https://orcid.org/0000-0002-5864-4488,,,https://doi.org/10.48550/arxiv.2207.03277,2022-01-01,2022,True,preprint
Jie M. Zhang,https://orcid.org/0000-0003-0481-7264,University College London,GB,https://doi.org/10.1109/icse43902.2021.00129,2021-05-01,2021,False,article
Mark Harman,https://orcid.org/0000-0002-5864-4488,University College London,GB,https://doi.org/10.1109/icse43902.2021.00129,2021-05-01,2021,False,article
Max Hort,https://orcid.org/0000-0001-8684-5909,Simula Research Laboratory,NO,https://doi.org/10.1145/3631326,2023-11-02,2023,True,article
Zhenpeng Chen,https://orcid.org/0000-0002-4765-1893,University College London,GB,https://doi.org/10.1145/3631326,2023-11-02,2023,True,article
Jie M. Zhang,https://orcid.org/0000-0003-0481-7264,King's College London,GB,https://doi.org/10.1145/3631326,2023-11-02,2023,True,article
Mark Harman,https://orcid.org/0000-0002-5864-4488,University College London,GB,https://doi.org/10.1145/3631326,2023-11-02,2023,True,article
Federica Sarro,https://orcid.org/0000-0002-9146-442X,University College London,GB,https://doi.org/10.1145/3631326,2023-11-02,2023,True,article
Sahil Verma,https://orcid.org/0000-0001-7797-926X,University of Washington,US,https://doi.org/10.48550/arxiv.2102.03054,2021-01-01,2021,True,preprint
Michael D. Ernst,https://orcid.org/0000-0001-9379-277X,University of Washington,US,https://doi.org/10.48550/arxiv.2102.03054,2021-01-01,2021,True,preprint
René Just,https://orcid.org/0000-0002-5982-275X,University of Washington,US,https://doi.org/10.48550/arxiv.2102.03054,2021-01-01,2021,True,preprint
Ching-Yao Chuang,,Massachusetts Institute of Technology,US,https://doi.org/10.48550/arxiv.2103.06503,2021-01-01,2021,True,preprint
Youssef Mroueh,https://orcid.org/0000-0001-8798-1267,,,https://doi.org/10.48550/arxiv.2103.06503,2021-01-01,2021,True,preprint
Brian Hu Zhang,,,,https://doi.org/10.48550/arxiv.1801.07593,2018-01-01,2018,True,preprint
Blake Lemoine,,,,https://doi.org/10.48550/arxiv.1801.07593,2018-01-01,2018,True,preprint
Margaret Mitchell,https://orcid.org/0000-0001-7043-6545,,,https://doi.org/10.48550/arxiv.1801.07593,2018-01-01,2018,True,preprint
Aniya Aggarwal,https://orcid.org/0000-0001-8883-0030,IBM Research - India,IN,https://doi.org/10.1145/3338906.3338937,2019-08-09,2019,False,article
Pranay Lohia,,IBM Research - India,IN,https://doi.org/10.1145/3338906.3338937,2019-08-09,2019,False,article
Seema Nagar,,IBM Research - India,IN,https://doi.org/10.1145/3338906.3338937,2019-08-09,2019,False,article
Kuntal Dey,https://orcid.org/0000-0001-6788-3168,IBM Research - India,IN,https://doi.org/10.1145/3338906.3338937,2019-08-09,2019,False,article
Diptikalyan Saha,https://orcid.org/0000-0002-1583-5479,IBM Research - India,IN,https://doi.org/10.1145/3338906.3338937,2019-08-09,2019,False,article
Zhenpeng Chen,https://orcid.org/0000-0002-4765-1893,University College London,GB,https://doi.org/10.1145/3540250.3549093,2022-11-07,2022,False,article
Jie M. Zhang,https://orcid.org/0000-0003-0481-7264,King's College London,GB,https://doi.org/10.1145/3540250.3549093,2022-11-07,2022,False,article
Federica Sarro,https://orcid.org/0000-0002-9146-442X,University College London,GB,https://doi.org/10.1145/3540250.3549093,2022-11-07,2022,False,article
Mark Harman,https://orcid.org/0000-0002-5864-4488,University College London,GB,https://doi.org/10.1145/3540250.3549093,2022-11-07,2022,False,article
Max Hort,https://orcid.org/0000-0001-8684-5909,University College London,GB,https://doi.org/10.1145/3468264.3468565,2021-08-18,2021,False,article
Jie M. Zhang,https://orcid.org/0000-0003-0481-7264,University College London,GB,https://doi.org/10.1145/3468264.3468565,2021-08-18,2021,False,article
Federica Sarro,https://orcid.org/0000-0002-9146-442X,University College London,GB,https://doi.org/10.1145/3468264.3468565,2021-08-18,2021,False,article
Mark Harman,https://orcid.org/0000-0002-5864-4488,University College London,GB,https://doi.org/10.1145/3468264.3468565,2021-08-18,2021,False,article
Karima Makhlouf,https://orcid.org/0000-0001-6318-0713,École Polytechnique,FR,https://doi.org/10.1016/j.ipm.2021.102642,2021-06-01,2021,True,article
Sami Zhioua,https://orcid.org/0000-0003-2029-175X,École Polytechnique,FR,https://doi.org/10.1016/j.ipm.2021.102642,2021-06-01,2021,True,article
Catuscia Palamidessi,https://orcid.org/0000-0003-4597-7002,École Polytechnique,FR,https://doi.org/10.1016/j.ipm.2021.102642,2021-06-01,2021,True,article
Matt J. Kusner,,The Alan Turing Institute,GB,https://doi.org/10.48550/arxiv.1703.06856,2017-01-01,2017,True,preprint
Joshua R. Loftus,https://orcid.org/0000-0002-2905-1632,,,https://doi.org/10.48550/arxiv.1703.06856,2017-01-01,2017,True,preprint
Chris Russell,https://orcid.org/0000-0003-1665-1759,The Alan Turing Institute,GB,https://doi.org/10.48550/arxiv.1703.06856,2017-01-01,2017,True,preprint
Ricardo Silva,https://orcid.org/0000-0002-6502-9563,The Alan Turing Institute,GB,https://doi.org/10.48550/arxiv.1703.06856,2017-01-01,2017,True,preprint
Shira Mitchell,,Cornell University,US,https://doi.org/10.1146/annurev-statistics-042720-125902,2020-11-10,2020,True,article
Eric Potash,,Cornell University,US,https://doi.org/10.1146/annurev-statistics-042720-125902,2020-11-10,2020,True,article
Solon Barocas,https://orcid.org/0000-0003-4577-466X,Microsoft (United States),US,https://doi.org/10.1146/annurev-statistics-042720-125902,2020-11-10,2020,True,article
Alexander D’Amour,https://orcid.org/0000-0001-7984-3366,Microsoft Research (United Kingdom),GB,https://doi.org/10.1146/annurev-statistics-042720-125902,2020-11-10,2020,True,article
Kristian Lum,https://orcid.org/0000-0003-2637-5612,University of Pennsylvania,US,https://doi.org/10.1146/annurev-statistics-042720-125902,2020-11-10,2020,True,article
Karima Makhlouf,https://orcid.org/0000-0001-6318-0713,Université du Québec à Montréal,CA,https://doi.org/10.1145/3468507.3468511,2021-05-26,2021,False,article
Sami Zhioua,https://orcid.org/0000-0003-2029-175X,Higher Colleges of Technology,AE,https://doi.org/10.1145/3468507.3468511,2021-05-26,2021,False,article
Catuscia Palamidessi,https://orcid.org/0000-0003-4597-7002,Institut Polytechnique de Paris,FR,https://doi.org/10.1145/3468507.3468511,2021-05-26,2021,False,article
Urs J. Muehlematter,https://orcid.org/0000-0003-3423-4633,University Hospital of Zurich,CH,https://doi.org/10.1016/s2589-7500(20)30292-2,2021-01-19,2021,True,review
Paola Daniore,https://orcid.org/0000-0003-3319-1125,University of Zurich,CH,https://doi.org/10.1016/s2589-7500(20)30292-2,2021-01-19,2021,True,review
Kerstin Noëlle Vokinger,https://orcid.org/0000-0002-6997-7384,University of Zurich,CH,https://doi.org/10.1016/s2589-7500(20)30292-2,2021-01-19,2021,True,review
Alex John London,https://orcid.org/0000-0002-6450-0309,Carnegie Mellon University,US,https://doi.org/10.1016/j.xcrm.2022.100622,2022-04-27,2022,True,review
Alexander G. Yearley,https://orcid.org/0000-0001-9592-8263,Brigham and Women's Hospital,US,https://doi.org/10.1016/j.artmed.2023.102607,2023-06-07,2023,False,review
Caroline M.W. Goedmakers,https://orcid.org/0000-0002-1575-7976,Leiden University Medical Center,NL,https://doi.org/10.1016/j.artmed.2023.102607,2023-06-07,2023,False,review
Armon Panahi,https://orcid.org/0000-0001-9451-5408,George Washington University,US,https://doi.org/10.1016/j.artmed.2023.102607,2023-06-07,2023,False,review
Joanne Doucette,https://orcid.org/0000-0001-7164-2607,MCPHS University,US,https://doi.org/10.1016/j.artmed.2023.102607,2023-06-07,2023,False,review
Aakanksha Rana,https://orcid.org/0000-0002-8350-7602,Massachusetts Institute of Technology,US,https://doi.org/10.1016/j.artmed.2023.102607,2023-06-07,2023,False,review
Kavitha Ranganathan,https://orcid.org/0000-0003-2431-1885,Brigham and Women's Hospital,US,https://doi.org/10.1016/j.artmed.2023.102607,2023-06-07,2023,False,review
Timothy R. Smith,https://orcid.org/0000-0003-1976-0766,Brigham and Women's Hospital,US,https://doi.org/10.1016/j.artmed.2023.102607,2023-06-07,2023,False,review
Berkman Sahiner,https://orcid.org/0000-0003-2804-2264,United States Food and Drug Administration,US,https://doi.org/10.1259/bjr.20220878,2023-03-27,2023,False,review
Weijie Chen,https://orcid.org/0000-0001-5508-473X,Center for Devices and Radiological Health,US,https://doi.org/10.1259/bjr.20220878,2023-03-27,2023,False,review
Ravi K. Samala,https://orcid.org/0000-0002-6661-4801,Center for Devices and Radiological Health,US,https://doi.org/10.1259/bjr.20220878,2023-03-27,2023,False,review
Nicholas Petrick,https://orcid.org/0000-0001-5167-8899,Center for Devices and Radiological Health,US,https://doi.org/10.1259/bjr.20220878,2023-03-27,2023,False,review
André Homeyer,https://orcid.org/0000-0002-9910-7136,Fraunhofer Institute for Digital Medicine,DE,https://doi.org/10.1038/s41379-022-01163-y,2022-09-23,2022,True,erratum
Christian Geißler,https://orcid.org/0000-0002-2464-4842,Technische Universität Berlin,DE,https://doi.org/10.1038/s41379-022-01163-y,2022-09-23,2022,True,erratum
Lars Ole Schwen,https://orcid.org/0000-0003-0195-9603,Fraunhofer Institute for Digital Medicine,DE,https://doi.org/10.1038/s41379-022-01163-y,2022-09-23,2022,True,erratum
Falk Zakrzewski,,University Hospital Carl Gustav Carus,DE,https://doi.org/10.1038/s41379-022-01163-y,2022-09-23,2022,True,erratum
Theodore Evans,https://orcid.org/0000-0003-0548-0421,Technische Universität Berlin,DE,https://doi.org/10.1038/s41379-022-01163-y,2022-09-23,2022,True,erratum
Klaus Strohmenger,https://orcid.org/0000-0002-4534-1306,Charité - Universitätsmedizin Berlin,DE,https://doi.org/10.1038/s41379-022-01163-y,2022-09-23,2022,True,erratum
Max Westphal,https://orcid.org/0000-0002-8488-758X,Fraunhofer Institute for Digital Medicine,DE,https://doi.org/10.1038/s41379-022-01163-y,2022-09-23,2022,True,erratum
Roman D. Bülow,https://orcid.org/0000-0002-8527-7353,RWTH Aachen University,DE,https://doi.org/10.1038/s41379-022-01163-y,2022-09-23,2022,True,erratum
Michaela Kargl,https://orcid.org/0000-0001-8431-9710,Medical University of Graz,AT,https://doi.org/10.1038/s41379-022-01163-y,2022-09-23,2022,True,erratum
Aray Karjauv,https://orcid.org/0000-0002-4408-7406,Technische Universität Berlin,DE,https://doi.org/10.1038/s41379-022-01163-y,2022-09-23,2022,True,erratum
Isidre Munné-Bertran,,,,https://doi.org/10.1038/s41379-022-01163-y,2022-09-23,2022,True,erratum
Carl Orge Retzlaff,https://orcid.org/0000-0002-0139-2590,Technische Universität Berlin,DE,https://doi.org/10.1038/s41379-022-01163-y,2022-09-23,2022,True,erratum
Adrià Romero-López,https://orcid.org/0000-0001-7173-3680,,,https://doi.org/10.1038/s41379-022-01163-y,2022-09-23,2022,True,erratum
Tomasz Sołtysiński,,,,https://doi.org/10.1038/s41379-022-01163-y,2022-09-23,2022,True,erratum
Markus Plass,https://orcid.org/0000-0003-2718-7648,Medical University of Graz,AT,https://doi.org/10.1038/s41379-022-01163-y,2022-09-23,2022,True,erratum
Rita Carvalho,https://orcid.org/0000-0003-3714-7527,Humboldt-Universität zu Berlin,DE,https://doi.org/10.1038/s41379-022-01163-y,2022-09-23,2022,True,erratum
Peter Steinbach,https://orcid.org/0000-0002-4974-230X,Helmholtz-Zentrum Dresden-Rossendorf,DE,https://doi.org/10.1038/s41379-022-01163-y,2022-09-23,2022,True,erratum
Yu-Chia Lan,https://orcid.org/0000-0002-8327-4642,RWTH Aachen University,DE,https://doi.org/10.1038/s41379-022-01163-y,2022-09-23,2022,True,erratum
Nassim Bouteldja,https://orcid.org/0000-0002-8430-0363,RWTH Aachen University,DE,https://doi.org/10.1038/s41379-022-01163-y,2022-09-23,2022,True,erratum
David Haber,,,,https://doi.org/10.1038/s41379-022-01163-y,2022-09-23,2022,True,erratum
Mateo Rojas-Carulla,,,,https://doi.org/10.1038/s41379-022-01163-y,2022-09-23,2022,True,erratum
Alireza Vafaei Sadr,https://orcid.org/0000-0002-5733-6678,RWTH Aachen University,DE,https://doi.org/10.1038/s41379-022-01163-y,2022-09-23,2022,True,erratum
Matthias Kraft,,,,https://doi.org/10.1038/s41379-022-01163-y,2022-09-23,2022,True,erratum
Daniel Krüger,,Olympus (Germany),DE,https://doi.org/10.1038/s41379-022-01163-y,2022-09-23,2022,True,erratum
Rutger Fick,,,,https://doi.org/10.1038/s41379-022-01163-y,2022-09-23,2022,True,erratum
Tobias Lang,,,,https://doi.org/10.1038/s41379-022-01163-y,2022-09-23,2022,True,erratum
Peter Boor,https://orcid.org/0000-0001-9921-4284,RWTH Aachen University,DE,https://doi.org/10.1038/s41379-022-01163-y,2022-09-23,2022,True,erratum
Heimo Müller,https://orcid.org/0000-0002-9691-4872,Medical University of Graz,AT,https://doi.org/10.1038/s41379-022-01163-y,2022-09-23,2022,True,erratum
Peter Hufnagl,https://orcid.org/0000-0001-6810-586X,Humboldt-Universität zu Berlin,DE,https://doi.org/10.1038/s41379-022-01163-y,2022-09-23,2022,True,erratum
Norman Zerbe,https://orcid.org/0000-0002-0314-3037,Humboldt-Universität zu Berlin,DE,https://doi.org/10.1038/s41379-022-01163-y,2022-09-23,2022,True,erratum
Angela Zhang,https://orcid.org/0000-0003-0906-6770,Cardiovascular Institute of the South,US,https://doi.org/10.1038/s41551-022-00898-y,2022-07-04,2022,True,review
Lei Xing,https://orcid.org/0000-0003-2536-5359,Stanford University,US,https://doi.org/10.1038/s41551-022-00898-y,2022-07-04,2022,True,review
James Zou,https://orcid.org/0000-0001-8880-4764,Stanford University,US,https://doi.org/10.1038/s41551-022-00898-y,2022-07-04,2022,True,review
Joseph C. Wu,https://orcid.org/0000-0002-6068-8041,,,https://doi.org/10.1038/s41551-022-00898-y,2022-07-04,2022,True,review
Rishabh Mehrotra,https://orcid.org/0000-0002-0836-4605,,,https://doi.org/10.1145/3269206.3272027,2018-10-17,2018,False,article
James O. McInerney,,,,https://doi.org/10.1145/3269206.3272027,2018-10-17,2018,False,article
Hugues Bouchard,https://orcid.org/0000-0003-2315-8268,,,https://doi.org/10.1145/3269206.3272027,2018-10-17,2018,False,article
Mounia Lalmas,https://orcid.org/0000-0002-3531-3096,,,https://doi.org/10.1145/3269206.3272027,2018-10-17,2018,False,article
Fernando Díaz,https://orcid.org/0000-0003-2345-1288,Microsoft (Canada),CA,https://doi.org/10.1145/3269206.3272027,2018-10-17,2018,False,article
Ninareh Mehrabi,,,,https://doi.org/10.48550/arxiv.1908.09635,2019-01-01,2019,True,preprint
Fred Morstatter,https://orcid.org/0000-0002-0247-4328,,,https://doi.org/10.48550/arxiv.1908.09635,2019-01-01,2019,True,preprint
Nripsuta Ani Saxena,https://orcid.org/0009-0004-1121-5426,,,https://doi.org/10.48550/arxiv.1908.09635,2019-01-01,2019,True,preprint
Kristina Lerman,https://orcid.org/0000-0002-5071-0575,,,https://doi.org/10.48550/arxiv.1908.09635,2019-01-01,2019,True,preprint
Aram Galstyan,https://orcid.org/0000-0003-4215-0886,,,https://doi.org/10.48550/arxiv.1908.09635,2019-01-01,2019,True,preprint
Dana Pessach,https://orcid.org/0000-0002-1806-0066,Tel Aviv University,IL,https://doi.org/10.1145/3494672,2022-02-03,2022,False,review
Erez Shmueli,https://orcid.org/0000-0003-3193-5768,Tel Aviv University,IL,https://doi.org/10.1145/3494672,2022-02-03,2022,False,review
Rishabh Mehrotra,https://orcid.org/0000-0002-0836-4605,,,https://doi.org/10.1145/3269206.3272027,2018-10-17,2018,False,article
James O. McInerney,,,,https://doi.org/10.1145/3269206.3272027,2018-10-17,2018,False,article
Hugues Bouchard,https://orcid.org/0000-0003-2315-8268,,,https://doi.org/10.1145/3269206.3272027,2018-10-17,2018,False,article
Mounia Lalmas,https://orcid.org/0000-0002-3531-3096,,,https://doi.org/10.1145/3269206.3272027,2018-10-17,2018,False,article
Fernando Díaz,https://orcid.org/0000-0003-2345-1288,Microsoft (Canada),CA,https://doi.org/10.1145/3269206.3272027,2018-10-17,2018,False,article
Rishabh Mehrotra,https://orcid.org/0000-0002-0836-4605,,,https://doi.org/10.1145/3269206.3272027,2018-10-17,2018,False,article
James O. McInerney,,,,https://doi.org/10.1145/3269206.3272027,2018-10-17,2018,False,article
Hugues Bouchard,https://orcid.org/0000-0003-2315-8268,,,https://doi.org/10.1145/3269206.3272027,2018-10-17,2018,False,article
Mounia Lalmas,https://orcid.org/0000-0002-3531-3096,,,https://doi.org/10.1145/3269206.3272027,2018-10-17,2018,False,article
Fernando Díaz,https://orcid.org/0000-0003-2345-1288,Microsoft (Canada),CA,https://doi.org/10.1145/3269206.3272027,2018-10-17,2018,False,article
Simon Caton,https://orcid.org/0000-0001-9379-3879,University College Dublin,IE,https://doi.org/10.1145/3616865,2023-08-23,2023,True,review
Christian Haas,https://orcid.org/0000-0002-2690-5962,Vienna University of Economics and Business,AT,https://doi.org/10.1145/3616865,2023-08-23,2023,True,review
Zuohui Fu,https://orcid.org/0000-0002-3881-7935,"Rutgers, The State University of New Jersey",US,https://doi.org/10.1145/3397271.3401051,2020-07-25,2020,False,preprint
Yikun Xian,,"Rutgers, The State University of New Jersey",US,https://doi.org/10.1145/3397271.3401051,2020-07-25,2020,False,preprint
Ruoyuan Gao,https://orcid.org/0000-0002-8784-4171,"Rutgers, The State University of New Jersey",US,https://doi.org/10.1145/3397271.3401051,2020-07-25,2020,False,preprint
Jieyu Zhao,https://orcid.org/0000-0002-1013-557X,"University of California, Los Angeles",US,https://doi.org/10.1145/3397271.3401051,2020-07-25,2020,False,preprint
Qiaoying Huang,,"Rutgers, The State University of New Jersey",US,https://doi.org/10.1145/3397271.3401051,2020-07-25,2020,False,preprint
Yingqiang Ge,https://orcid.org/0000-0002-3736-2377,"Rutgers, The State University of New Jersey",US,https://doi.org/10.1145/3397271.3401051,2020-07-25,2020,False,preprint
Shuyuan Xu,https://orcid.org/0000-0003-0865-5223,"Rutgers, The State University of New Jersey",US,https://doi.org/10.1145/3397271.3401051,2020-07-25,2020,False,preprint
Shijie Geng,,"Rutgers, The State University of New Jersey",US,https://doi.org/10.1145/3397271.3401051,2020-07-25,2020,False,preprint
Chirag Shah,https://orcid.org/0000-0002-3797-4293,University of Washington,US,https://doi.org/10.1145/3397271.3401051,2020-07-25,2020,False,preprint
Yongfeng Zhang,https://orcid.org/0000-0003-2633-8555,"Rutgers, The State University of New Jersey",US,https://doi.org/10.1145/3397271.3401051,2020-07-25,2020,False,preprint
Gerard de Melo,https://orcid.org/0000-0002-2930-2059,"Rutgers, The State University of New Jersey",US,https://doi.org/10.1145/3397271.3401051,2020-07-25,2020,False,preprint
Solon Barocas,https://orcid.org/0000-0003-4577-466X,Cornell University,US,https://doi.org/10.2139/ssrn.2477899,2016-01-01,2016,False,article
Andrew D. Selbst,,,,https://doi.org/10.2139/ssrn.2477899,2016-01-01,2016,False,article
Jieyu Zhao,https://orcid.org/0000-0002-1013-557X,,,https://doi.org/10.48550/arxiv.1707.09457,2017-01-01,2017,True,preprint
Tianlu Wang,https://orcid.org/0000-0002-7480-9705,,,https://doi.org/10.48550/arxiv.1707.09457,2017-01-01,2017,True,preprint
Mark Yatskar,,,,https://doi.org/10.48550/arxiv.1707.09457,2017-01-01,2017,True,preprint
Vicente Ordóñez,,,,https://doi.org/10.48550/arxiv.1707.09457,2017-01-01,2017,True,preprint
Kai-Wei Chang,https://orcid.org/0000-0001-5365-0072,,,https://doi.org/10.48550/arxiv.1707.09457,2017-01-01,2017,True,preprint
Michaël Feldman,,,,https://doi.org/10.48550/arxiv.1412.3756,2014-01-01,2014,True,preprint
Sorelle A. Friedler,https://orcid.org/0000-0001-6023-1597,,,https://doi.org/10.48550/arxiv.1412.3756,2014-01-01,2014,True,preprint
John Moeller,https://orcid.org/0000-0001-8340-5166,,,https://doi.org/10.48550/arxiv.1412.3756,2014-01-01,2014,True,preprint
Carlos Scheidegger,https://orcid.org/0009-0006-9163-6136,,,https://doi.org/10.48550/arxiv.1412.3756,2014-01-01,2014,True,preprint
Suresh Venkatasubramanian,https://orcid.org/0000-0001-7679-7130,,,https://doi.org/10.48550/arxiv.1412.3756,2014-01-01,2014,True,preprint
Gediminas Adomavičius,https://orcid.org/0000-0001-5251-5098,Twin Cities Orthopedics,US,https://doi.org/10.2139/ssrn.3446944,2019-01-01,2019,False,article
Mochen Yang,https://orcid.org/0000-0001-5101-9041,Twin Cities Orthopedics,US,https://doi.org/10.2139/ssrn.3446944,2019-01-01,2019,False,article
Yunqi Li,https://orcid.org/0000-0002-9482-9922,,,https://doi.org/10.48550/arxiv.2205.13619,2022-01-01,2022,True,preprint
Hanxiong Chen,https://orcid.org/0000-0002-3854-2732,,,https://doi.org/10.48550/arxiv.2205.13619,2022-01-01,2022,True,preprint
Shuyuan Xu,https://orcid.org/0000-0003-0865-5223,,,https://doi.org/10.48550/arxiv.2205.13619,2022-01-01,2022,True,preprint
Yingqiang Ge,https://orcid.org/0000-0002-3736-2377,,,https://doi.org/10.48550/arxiv.2205.13619,2022-01-01,2022,True,preprint
Juntao Tan,https://orcid.org/0000-0003-3646-933X,,,https://doi.org/10.48550/arxiv.2205.13619,2022-01-01,2022,True,preprint
Shuchang Liu,https://orcid.org/0000-0002-1440-911X,,,https://doi.org/10.48550/arxiv.2205.13619,2022-01-01,2022,True,preprint
Yongfeng Zhang,https://orcid.org/0000-0003-2633-8555,,,https://doi.org/10.48550/arxiv.2205.13619,2022-01-01,2022,True,preprint
Yingqiang Ge,https://orcid.org/0000-0002-3736-2377,"Rutgers, The State University of New Jersey",US,https://doi.org/10.1145/3652891,2024-04-13,2024,True,article
Shuchang Liu,https://orcid.org/0000-0002-1440-911X,"Rutgers, The State University of New Jersey",US,https://doi.org/10.1145/3652891,2024-04-13,2024,True,article
Zuohui Fu,https://orcid.org/0000-0002-3881-7935,"Rutgers, The State University of New Jersey",US,https://doi.org/10.1145/3652891,2024-04-13,2024,True,article
Juntao Tan,https://orcid.org/0000-0003-3646-933X,"Rutgers, The State University of New Jersey",US,https://doi.org/10.1145/3652891,2024-04-13,2024,True,article
Zelong Li,https://orcid.org/0000-0002-3110-4481,"Rutgers, The State University of New Jersey",US,https://doi.org/10.1145/3652891,2024-04-13,2024,True,article
Shuyuan Xu,https://orcid.org/0000-0003-0865-5223,"Rutgers, The State University of New Jersey",US,https://doi.org/10.1145/3652891,2024-04-13,2024,True,article
Yunqi Li,https://orcid.org/0000-0002-9482-9922,"Rutgers, The State University of New Jersey",US,https://doi.org/10.1145/3652891,2024-04-13,2024,True,article
Yikun Xian,,"Rutgers, The State University of New Jersey",US,https://doi.org/10.1145/3652891,2024-04-13,2024,True,article
Yongfeng Zhang,https://orcid.org/0000-0003-2633-8555,"Rutgers, The State University of New Jersey",US,https://doi.org/10.1145/3652891,2024-04-13,2024,True,article
Wenqi Fan,,,,https://doi.org/10.48550/arxiv.2209.10117,2022-01-01,2022,True,preprint
Xiangyu Zhao,https://orcid.org/0000-0003-2926-4416,,,https://doi.org/10.48550/arxiv.2209.10117,2022-01-01,2022,True,preprint
Xiao Chen,https://orcid.org/0000-0002-3290-507X,,,https://doi.org/10.48550/arxiv.2209.10117,2022-01-01,2022,True,preprint
Jingran Su,https://orcid.org/0000-0002-9873-1770,,,https://doi.org/10.48550/arxiv.2209.10117,2022-01-01,2022,True,preprint
Jingtong Gao,https://orcid.org/0000-0002-4470-5972,,,https://doi.org/10.48550/arxiv.2209.10117,2022-01-01,2022,True,preprint
Lin Wang,https://orcid.org/0000-0001-7181-6128,,,https://doi.org/10.48550/arxiv.2209.10117,2022-01-01,2022,True,preprint
Qidong Liu,https://orcid.org/0000-0002-0751-2602,,,https://doi.org/10.48550/arxiv.2209.10117,2022-01-01,2022,True,preprint
Yiqi Wang,https://orcid.org/0000-0002-9657-3617,,,https://doi.org/10.48550/arxiv.2209.10117,2022-01-01,2022,True,preprint
Xu Han,https://orcid.org/0000-0002-8967-4372,,,https://doi.org/10.48550/arxiv.2209.10117,2022-01-01,2022,True,preprint
Lei Chen,https://orcid.org/0000-0002-8257-5806,,,https://doi.org/10.48550/arxiv.2209.10117,2022-01-01,2022,True,preprint
Qing Li,https://orcid.org/0000-0003-3370-471X,,,https://doi.org/10.48550/arxiv.2209.10117,2022-01-01,2022,True,preprint
Yunqi Li,https://orcid.org/0000-0002-9482-9922,"Rutgers, The State University of New Jersey",US,https://doi.org/10.1145/3404835.3462966,2021-07-11,2021,True,article
Hanxiong Chen,https://orcid.org/0000-0002-3854-2732,"Rutgers, The State University of New Jersey",US,https://doi.org/10.1145/3404835.3462966,2021-07-11,2021,True,article
Shuyuan Xu,https://orcid.org/0000-0003-0865-5223,"Rutgers, The State University of New Jersey",US,https://doi.org/10.1145/3404835.3462966,2021-07-11,2021,True,article
Yingqiang Ge,https://orcid.org/0000-0002-3736-2377,"Rutgers, The State University of New Jersey",US,https://doi.org/10.1145/3404835.3462966,2021-07-11,2021,True,article
Yongfeng Zhang,https://orcid.org/0000-0003-2633-8555,"Rutgers, The State University of New Jersey",US,https://doi.org/10.1145/3404835.3462966,2021-07-11,2021,True,article
Giacomo Balloccu,https://orcid.org/0000-0002-6857-7709,University of Cagliari,IT,https://doi.org/10.1007/978-3-031-56069-9_46,2024-01-01,2024,False,book-chapter
Ludovico Boratto,https://orcid.org/0000-0002-6053-3015,University of Cagliari,IT,https://doi.org/10.1007/978-3-031-56069-9_46,2024-01-01,2024,False,book-chapter
Gianni Fenu,https://orcid.org/0000-0003-4668-2476,University of Cagliari,IT,https://doi.org/10.1007/978-3-031-56069-9_46,2024-01-01,2024,False,book-chapter
Francesca Maridina Malloci,https://orcid.org/0000-0003-3287-4450,University of Cagliari,IT,https://doi.org/10.1007/978-3-031-56069-9_46,2024-01-01,2024,False,book-chapter
Mirko Marras,https://orcid.org/0000-0003-1989-6057,University of Cagliari,IT,https://doi.org/10.1007/978-3-031-56069-9_46,2024-01-01,2024,False,book-chapter
Enayat Rajabi,https://orcid.org/0000-0002-9557-0043,Cape Breton University,CA,https://doi.org/10.3390/info13100459,2022-09-28,2022,True,article
Somayeh Kafaie,https://orcid.org/0000-0002-5685-6487,Saint Mary's University,CA,https://doi.org/10.3390/info13100459,2022-09-28,2022,True,article
David N. Nicholson,https://orcid.org/0000-0003-0002-5761,University of Pennsylvania,US,https://doi.org/10.1016/j.csbj.2020.05.017,2020-01-01,2020,True,review
Casey S. Greene,https://orcid.org/0000-0001-8713-9213,Alex's Lemonade Stand Foundation,US,https://doi.org/10.1016/j.csbj.2020.05.017,2020-01-01,2020,True,review
Eustasio del Barrio,https://orcid.org/0000-0003-3764-5411,,,https://doi.org/10.48550/arxiv.2005.13755,2020-01-01,2020,True,preprint
Paula Gordaliza,https://orcid.org/0000-0002-0455-1200,,,https://doi.org/10.48550/arxiv.2005.13755,2020-01-01,2020,True,preprint
Jean-Michel Loubès,https://orcid.org/0000-0002-1252-2960,Institut de Mathématiques de Toulouse,FR,https://doi.org/10.48550/arxiv.2005.13755,2020-01-01,2020,True,preprint
Max Hort,https://orcid.org/0000-0001-8684-5909,University College London,GB,https://doi.org/10.1109/ase51524.2021.9678568,2021-11-01,2021,False,article
Federica Sarro,https://orcid.org/0000-0002-9146-442X,University College London,GB,https://doi.org/10.1109/ase51524.2021.9678568,2021-11-01,2021,False,article
Zeyu Tang,https://orcid.org/0000-0002-4423-4728,,,https://doi.org/10.48550/arxiv.2206.04101,2022-01-01,2022,True,preprint
Jiji Zhang,https://orcid.org/0000-0003-0684-2084,,,https://doi.org/10.48550/arxiv.2206.04101,2022-01-01,2022,True,preprint
Kun Zhang,https://orcid.org/0000-0002-0738-9958,,,https://doi.org/10.48550/arxiv.2206.04101,2022-01-01,2022,True,preprint
Jie M. Zhang,https://orcid.org/0000-0003-0481-7264,University College London,GB,https://doi.org/10.1109/icse43902.2021.00129,2021-05-01,2021,False,article
Mark Harman,https://orcid.org/0000-0002-5864-4488,University College London,GB,https://doi.org/10.1109/icse43902.2021.00129,2021-05-01,2021,False,article
Max Hort,https://orcid.org/0000-0001-8684-5909,University College London,GB,https://doi.org/10.1145/3524491.3527308,2022-05-19,2022,True,article
Federica Sarro,https://orcid.org/0000-0002-9146-442X,University College London,GB,https://doi.org/10.1145/3524491.3527308,2022-05-19,2022,True,article
Sarah Bird,https://orcid.org/0000-0002-5469-5149,Microsoft (United States),US,https://doi.org/10.1145/3292500.3332280,2019-07-25,2019,False,article
Ben Hutchinson,https://orcid.org/0000-0003-2253-6204,Google (United States),US,https://doi.org/10.1145/3292500.3332280,2019-07-25,2019,False,article
Krishnaram Kenthapadi,https://orcid.org/0000-0003-1237-087X,LinkedIn (United States),US,https://doi.org/10.1145/3292500.3332280,2019-07-25,2019,False,article
Emre Kıcıman,,Microsoft (United States),US,https://doi.org/10.1145/3292500.3332280,2019-07-25,2019,False,article
Margaret Mitchell,https://orcid.org/0000-0001-7043-6545,Google (United States),US,https://doi.org/10.1145/3292500.3332280,2019-07-25,2019,False,article
Jinyoung Kim,https://orcid.org/0000-0002-3810-8549,Yonsei University,KR,https://doi.org/10.1016/j.neucom.2021.09.081,2022-05-17,2022,False,article
Sung‐Bae Cho,https://orcid.org/0000-0002-7027-2429,Yonsei University,KR,https://doi.org/10.1016/j.neucom.2021.09.081,2022-05-17,2022,False,article
Nima Shahbazi,https://orcid.org/0000-0001-7016-3807,,,https://doi.org/10.48550/arxiv.2203.11852,2022-01-01,2022,True,preprint
Lin Yin,,,,https://doi.org/10.48550/arxiv.2203.11852,2022-01-01,2022,True,preprint
Abolfazl Asudeh,https://orcid.org/0000-0002-5251-6186,,,https://doi.org/10.48550/arxiv.2203.11852,2022-01-01,2022,True,preprint
H. V. Jagadish,,,,https://doi.org/10.48550/arxiv.2203.11852,2022-01-01,2022,True,preprint
Dana Pessach,https://orcid.org/0000-0002-1806-0066,,,https://doi.org/10.48550/arxiv.2001.09784,2020-01-01,2020,True,preprint
Erez Shmueli,https://orcid.org/0000-0003-3193-5768,,,https://doi.org/10.48550/arxiv.2001.09784,2020-01-01,2020,True,preprint
Manvi Choudhary,,Laboratoire Hubert Curien,FR,https://doi.org/10.48550/arxiv.2205.05396,2022-01-01,2022,True,preprint
Charlotte Laclau,https://orcid.org/0000-0002-7389-3191,Laboratoire Hubert Curien,FR,https://doi.org/10.48550/arxiv.2205.05396,2022-01-01,2022,True,preprint
Christine Largeron,https://orcid.org/0000-0003-1059-4095,Laboratoire Hubert Curien,FR,https://doi.org/10.48550/arxiv.2205.05396,2022-01-01,2022,True,preprint
Ki Hyun Tae,,Korea Advanced Institute of Science and Technology,KR,https://doi.org/10.48550/arxiv.2003.04549,2020-01-01,2020,True,preprint
Steven Euijong Whang,https://orcid.org/0000-0001-6419-931X,Korea Advanced Institute of Science and Technology,KR,https://doi.org/10.48550/arxiv.2003.04549,2020-01-01,2020,True,preprint
Dennis Wei,https://orcid.org/0000-0002-6510-1537,,,https://doi.org/10.48550/arxiv.1906.00066,2019-01-01,2019,True,preprint
Karthikeyan Natesan Ramamurthy,https://orcid.org/0000-0002-6021-5930,,,https://doi.org/10.48550/arxiv.1906.00066,2019-01-01,2019,True,preprint
Flávio P. Calmon,https://orcid.org/0000-0002-7493-1428,,,https://doi.org/10.48550/arxiv.1906.00066,2019-01-01,2019,True,preprint
